production_run_id,date,plant_id,product_id,operator_id,quantity_produced,quantity_defective,downtime_minutes,energy_consumed_kwh
1,1/1/2024,2,6,5,102,5,18,83.73
2,1/1/2024,2,2,17,397,6,5,938.93
3,1/1/2024,4,1,13,188,2,103,3127.67
4,1/1/2024,5,3,11,4,0,8,295.28
5,1/1/2024,2,8,4,,17,4,82.64
6,1/1/2024,2,8,17,1014,3,11,114.79
7,1/2/2024,2,2,8,317,7,4,731.59
8,1/2/2024,4,1,9,152,2,6,2475.32
9,1/2/2024,4,10,15,237,5,55,1440.28
10,1/2/2024,2,8,8,655,10,15,69.87
11,1/2/2024,2,8,19,820,4,3,65.48
12,1/3/2024,3,7,14,14,0,3,189.82
13,1/3/2024,3,5,8,207,4,14,155.39
14,1/3/2024,1,4,18,210,2,92,1013.15
15,1/3/2024,2,2,14,398,11,239,1096.79
16,1/3/2024,4,10,15,163,4,15,965.44
17,1/3/2024,3,5,2,261,6,344,460.87
18,1/4/2024,2,2,17,346,5,7,810.25
19,1/4/2024,5,2,19,425,6,16,991.7
20,1/4/2024,3,5,11,,3,10,188.36
21,1/4/2024,1,1,15,160,3,16,2593.41
22,1/4/2024,3,5,8,240,6,19,208.55
23,1/4/2024,5,2,18,338,5,3,808.49
24,1/4/2024,5,2,9,371,4,8,871.37
25,1/5/2024,1,1,14,142,4,14,2315.27
26,1/5/2024,4,1,4,184,5,4,2974.39
27,1/5/2024,1,4,12,270,9,13,1206.85
28,1/5/2024,2,2,6,436,9,7,1007.27
29,1/5/2024,1,4,2,335,8,9,1473.77
30,1/6/2024,2,2,7,385,10,11,910.71
31,1/6/2024,4,10,1,186,2,10,1104.96
32,1/6/2024,5,2,13,450,4,16,1072.32
33,1/6/2024,5,2,12,261,10,3,628.44
34,1/7/2024,5,3,14,4,0,12,286.69
35,1/7/2024,2,8,19,709,2,13,94.37
36,1/7/2024,5,3,15,4,0,5,280.35
37,1/7/2024,3,9,20,,11,7,63.18
38,1/7/2024,2,2,2,,9,257,1036.3
39,1/8/2024,2,8,13,798,2,99,168.22
40,1/8/2024,2,2,17,391,6,4,925.01
41,1/8/2024,5,3,15,5,0,17,341.44
42,1/8/2024,2,8,16,758,16,16,87.66
43,1/8/2024,2,6,15,101,4,17,69.75
44,1/8/2024,2,2,13,468,4,17,1095.24
45,1/8/2024,1,1,14,131,4,339,2392.42
46,1/9/2024,3,7,13,13,0,7,197.63
47,1/9/2024,3,7,16,12,0,5,197.62
48,1/9/2024,2,8,18,639,2,264,264.97
49,1/10/2024,2,2,9,384,4,12,894.73
50,1/10/2024,4,10,3,193,3,7,1151.36
51,1/10/2024,1,1,8,134,3,6,2177.4
52,1/10/2024,3,7,6,18,0,18,250.43
53,1/10/2024,3,9,13,906,0,20,53.83
54,1/10/2024,3,9,20,1017,14,2,52.18
55,1/11/2024,1,4,16,361,11,16,1595.67
56,1/11/2024,3,9,18,1132,6,10,74.71
57,1/11/2024,1,4,15,263,7,0,1147.52
58,1/11/2024,3,5,16,158,4,8,133.43
59,1/11/2024,5,2,3,355,7,15,846.59
60,1/12/2024,4,1,3,136,2,11,2213.73
61,1/12/2024,5,3,14,,0,6,267.42
62,1/12/2024,5,2,7,343,10,16,818.42
63,1/12/2024,1,1,10,137,1,8,2210.22
64,1/12/2024,1,7,10,15,0,0,220.46
65,1/12/2024,4,10,15,198,5,18,1200.87
66,1/13/2024,2,2,18,469,7,16,1093.27
67,1/13/2024,4,10,19,215,3,6,1276.07
68,1/13/2024,3,9,3,893,8,275,275.43
69,1/14/2024,3,5,8,230,6,164,316.16
70,1/14/2024,5,2,14,348,9,4,799.06
71,1/14/2024,2,6,20,137,5,9,103.41
72,1/14/2024,3,9,18,998,1,10,62.11
73,1/14/2024,1,1,8,208,6,8,3367.45
74,1/14/2024,2,6,17,175,5,20,132.94
75,1/15/2024,4,10,14,173,5,15,1028.28
76,1/15/2024,4,1,15,128,3,16,2103.8
77,1/15/2024,1,7,18,14,0,15,222.02
78,1/16/2024,2,6,18,103,3,0,92.7
79,1/16/2024,5,2,6,387,8,3,909.06
80,1/16/2024,2,6,10,120,4,7,84.87
81,1/17/2024,4,1,20,152,3,13,2466
82,1/17/2024,5,3,1,4,0,15,296.61
83,1/17/2024,4,10,12,163,6,6,991.28
84,1/17/2024,2,8,13,555,0,12,68.34
85,1/18/2024,4,1,5,150,5,14,2425.19
86,1/18/2024,4,1,5,139,4,8,2253.94
87,1/18/2024,4,1,11,143,2,17,2313.04
88,1/18/2024,1,1,10,147,2,14,2379.85
89,1/19/2024,1,1,11,166,2,16,2695.28
90,1/19/2024,2,2,6,416,9,14,982.72
91,1/19/2024,4,10,1,238,2,2,1397.77
92,1/19/2024,3,9,10,,4,6,76.01
93,1/19/2024,4,1,8,142,3,0,2321.12
94,1/20/2024,3,5,19,344,6,7,246.28
95,1/20/2024,3,5,7,274,8,4,202.73
96,1/20/2024,1,4,15,243,5,10,1080.65
97,1/20/2024,2,2,5,372,11,15,897.7
98,1/20/2024,3,9,11,1147,3,7,72.95
99,1/20/2024,4,10,3,203,4,18,1206.89
100,1/21/2024,1,7,8,14,0,19,209.05
101,1/21/2024,1,7,15,17,0,1,235.47
102,1/21/2024,4,1,4,127,3,17,2072.37
103,1/21/2024,2,6,4,146,7,11,89.54
104,1/21/2024,4,1,12,227,8,6,3685.53
105,1/22/2024,1,7,7,16,0,7,255.15
106,1/22/2024,5,2,3,476,10,7,1099.74
107,1/22/2024,2,8,1,869,3,11,102.54
108,1/22/2024,2,8,11,667,2,274,300.34
109,1/22/2024,5,2,15,407,9,16,950.62
110,1/22/2024,1,1,16,173,4,14,2792.14
111,1/23/2024,3,9,5,,19,10,50.14
112,1/23/2024,5,3,15,5,0,20,352.04
113,1/23/2024,5,2,14,393,11,13,933.83
114,1/24/2024,4,10,9,192,3,88,1188.13
115,1/24/2024,1,7,12,17,0,10,257.3
116,1/24/2024,4,10,14,181,5,7,1090.24
117,1/24/2024,3,9,12,862,22,17,79.82
118,1/24/2024,5,2,20,370,9,10,864.54
119,1/25/2024,2,8,13,810,1,9,94.66
120,1/25/2024,5,2,2,389,9,6,920.25
121,1/25/2024,1,4,14,206,6,9,894.52
1,1/1/2024,2,6,5,102,5,18,83.73
123,1/26/2024,2,6,18,132,4,2,83.58
124,1/26/2024,1,4,1,296,3,12,1305.98
125,1/26/2024,4,10,4,193,5,3,1131.88
126,1/26/2024,5,3,17,5,0,103,413.62
127,1/27/2024,3,7,5,13,0,20,191.51
128,1/27/2024,4,10,19,224,4,20,1353.46
129,1/27/2024,3,9,11,978,4,304,275.73
130,1/27/2024,4,10,2,247,5,17,1482.02
131,1/28/2024,4,1,11,158,2,10,2585.3
132,1/28/2024,1,7,6,15,0,10,232.66
133,1/28/2024,1,7,11,15,0,19,247.63
134,1/29/2024,1,7,5,17,0,4,249.5
135,1/29/2024,1,4,18,254,4,16,1106.04
136,1/29/2024,4,10,1,191,1,15,1127.93
137,1/29/2024,2,2,3,300,6,16,699.31
138,1/29/2024,3,9,5,1029,20,19,78.14
139,1/30/2024,4,1,14,,4,14,2126.56
140,1/30/2024,2,6,16,135,6,14,97.04
141,1/30/2024,3,7,17,18,0,4,273.12
142,1/30/2024,1,7,16,18,0,3,248.8
143,1/31/2024,3,7,17,12,0,14,206.59
144,1/31/2024,1,4,2,287,6,7,1236.48
145,1/31/2024,1,7,11,16,0,4,243.55
146,1/31/2024,4,10,20,123,2,16,746.98
147,2/1/2024,2,6,4,95,4,3,86.24
148,2/1/2024,4,1,17,160,2,225,2759.62
149,2/1/2024,4,1,3,151,3,16,2460.97
150,2/1/2024,4,10,2,222,5,18,1330.31
151,2/1/2024,3,5,2,235,5,14,201.43
152,2/2/2024,2,2,3,372,7,15,869.13
153,2/2/2024,2,6,12,126,7,12,102.88
154,2/2/2024,4,10,6,199,4,2,1184.93
155,2/2/2024,1,4,20,282,6,14,1243.8
156,2/2/2024,4,1,15,144,4,13,2335.38
157,2/2/2024,1,1,13,123,1,4,2015.15
158,2/3/2024,1,1,3,121,2,1,1971
159,2/3/2024,4,10,12,196,7,10,1170.98
160,2/3/2024,2,2,1,448,5,8,1055.4
161,2/3/2024,4,1,20,149,3,14,2445.09
162,2/3/2024,3,9,12,1119,29,5,64.85
163,2/3/2024,2,6,17,,4,18,94.83
164,2/4/2024,2,8,3,651,8,13,90.23
165,2/4/2024,5,2,5,383,11,17,910.94
166,2/4/2024,2,2,14,402,12,9,928.29
167,2/4/2024,3,9,8,824,13,9,58.26
168,2/4/2024,1,7,6,15,0,19,226.2
169,2/4/2024,5,2,1,437,4,19,1034.01
170,2/4/2024,4,10,10,195,3,2,1160.39
171,2/5/2024,4,10,16,197,5,10,1180.12
172,2/5/2024,3,7,5,17,0,3,235.6
173,2/5/2024,2,2,4,464,14,10,1099.35
174,2/5/2024,3,5,6,249,4,0,163
175,2/6/2024,5,3,8,4,0,20,292.9
176,2/6/2024,3,9,1,1156,4,12,57.36
177,2/6/2024,4,1,19,153,2,14,2499.78
178,2/6/2024,3,9,20,866,11,4,38.48
179,2/6/2024,5,3,17,6,0,16,388.39
180,2/6/2024,5,3,6,4,0,16,295.93
181,2/7/2024,4,10,16,,6,18,1330.46
182,2/7/2024,1,7,16,12,0,7,194.46
183,2/7/2024,5,3,6,5,0,7,316.86
184,2/7/2024,1,1,1,146,1,16,2389.8
185,2/7/2024,4,1,5,151,5,12,2448.15
186,2/7/2024,2,6,18,112,3,20,105.75
187,2/7/2024,3,9,16,894,18,9,65.93
188,2/8/2024,4,10,16,220,6,12,1320.43
189,2/8/2024,4,10,5,184,6,14,1105.44
190,2/8/2024,4,1,7,167,5,3,2709.03
191,2/8/2024,5,2,8,363,8,15,842.77
192,2/9/2024,1,7,6,9,0,6,157.54
193,2/9/2024,3,7,10,21,0,17,315.65
194,2/9/2024,1,1,14,167,5,12,2723.12
195,2/9/2024,2,8,10,815,7,20,96.63
196,2/10/2024,2,8,15,555,8,20,69.59
197,2/10/2024,2,2,11,469,8,20,1117.13
198,2/10/2024,4,10,3,194,4,7,1131.37
199,2/10/2024,4,1,15,122,2,7,1970.08
200,2/10/2024,1,4,10,216,4,9,962.81
201,2/10/2024,3,7,20,14,0,17,235.11
202,2/11/2024,2,2,20,381,8,1,901.2
203,2/11/2024,5,2,19,404,7,6,952.48
204,2/11/2024,4,1,17,,1,18,2378.71
205,2/11/2024,4,10,1,170,2,1,1005.25
206,2/11/2024,1,7,2,13,0,20,227.05
207,2/11/2024,3,7,15,13,0,20,222.91
208,2/11/2024,1,1,18,145,2,0,2369.14
209,2/12/2024,5,3,18,4,0,6,292.3
210,2/12/2024,1,1,14,219,7,2,3519.64
211,2/12/2024,1,4,20,403,9,269,1947.32
212,2/12/2024,2,2,5,400,13,10,941.1
213,2/12/2024,3,5,10,252,3,18,210.79
214,2/12/2024,2,8,14,812,15,12,99.75
215,2/13/2024,4,10,5,187,6,7,1102.88
1,1/1/2024,2,6,5,102,5,18,83.73
217,2/13/2024,3,9,3,891,11,2,36.95
218,2/13/2024,5,2,16,363,11,15,875.33
219,2/13/2024,5,2,13,495,6,17,1163.3
220,2/14/2024,3,7,17,17,0,10,267.07
221,2/14/2024,3,7,14,15,0,6,215.49
222,2/14/2024,4,1,16,184,5,15,3004.66
223,2/14/2024,4,10,6,218,3,5,1304.18
224,2/14/2024,5,2,17,446,7,4,1017.07
225,2/15/2024,4,10,2,218,5,15,1276.13
226,2/15/2024,5,3,1,5,0,13,352.65
227,2/15/2024,2,2,4,403,11,11,936.24
228,2/15/2024,4,1,12,,6,9,2956.56
229,2/15/2024,1,7,2,12,0,49,227.31
230,2/15/2024,1,4,14,316,10,16,1402.57
231,2/15/2024,2,2,19,397,5,17,939.39
232,2/16/2024,2,6,1,147,4,128,197.43
233,2/16/2024,5,3,18,4,0,2,271.63
234,2/16/2024,3,5,4,224,6,19,175.47
235,2/17/2024,1,7,9,16,0,12,236.87
236,2/17/2024,5,3,3,5,0,182,461.77
237,2/17/2024,2,8,13,757,0,11,94.67
238,2/17/2024,1,1,3,128,2,0,2061.58
239,2/17/2024,5,2,20,414,9,12,982.27
231,2/15/2024,2,2,19,397,5,17,939.39
241,2/18/2024,2,6,9,115,3,7,93.31
242,2/18/2024,4,1,15,128,3,19,2088.4
243,2/18/2024,3,7,11,13,0,9,192.53
244,2/18/2024,2,6,11,103,3,20,89.42
245,2/18/2024,5,2,11,330,5,18,774.89
246,2/18/2024,5,2,18,457,7,2,1072.61
247,2/19/2024,4,1,10,120,2,2,1949.56
248,2/19/2024,5,3,19,4,0,17,265.07
249,2/19/2024,3,9,18,1282,2,11,51.09
250,2/19/2024,5,2,19,358,6,0,819.44
251,2/19/2024,2,8,17,838,1,14,102.37
252,2/19/2024,5,2,12,436,16,16,1023.12
253,2/20/2024,1,4,15,,7,10,1233.92
254,2/20/2024,2,8,8,807,12,14,78.89
255,2/20/2024,4,1,6,159,2,6,2576.78
256,2/20/2024,4,10,1,213,2,2,1259.44
1,1/1/2024,2,6,5,102,5,18,83.73
258,2/20/2024,3,9,13,1069,1,19,53.48
259,2/21/2024,5,2,5,374,11,4,875.13
260,2/21/2024,4,1,19,144,2,20,2367.23
261,2/21/2024,2,8,6,797,7,1,93.24
262,2/21/2024,1,4,5,261,8,13,1157.04
263,2/21/2024,4,10,16,160,5,1,941.79
264,2/22/2024,3,5,15,268,6,18,189.77
265,2/22/2024,5,3,18,5,0,20,356.05
266,2/22/2024,3,5,15,178,4,19,157.31
267,2/22/2024,2,8,5,946,20,5,83.71
268,2/22/2024,3,7,19,11,0,12,176.68
269,2/22/2024,5,3,14,4,0,12,280.22
270,2/22/2024,3,9,12,977,27,2,60.38
271,2/23/2024,3,5,18,291,3,17,221.32
231,2/15/2024,2,2,19,397,5,17,939.39
273,2/23/2024,3,9,6,1237,11,3,37.18
274,2/23/2024,4,1,5,157,4,220,2730.68
275,2/23/2024,4,1,16,123,3,10,2000.7
276,2/23/2024,3,5,13,321,3,4,208.54
277,2/24/2024,1,7,6,,0,13,220.04
278,2/24/2024,4,1,3,139,3,20,2253.37
279,2/24/2024,5,3,1,6,0,16,390.35
280,2/24/2024,4,10,2,270,6,7,1588.08
281,2/24/2024,5,2,17,379,5,13,887.77
282,2/24/2024,2,6,3,120,5,12,73.9
283,2/24/2024,5,2,9,347,5,20,833.99
284,2/25/2024,3,9,14,1385,24,13,52.74
285,2/25/2024,5,2,10,449,6,115,1140.31
286,2/25/2024,2,6,12,123,7,4,95.47
287,2/26/2024,1,1,11,166,2,18,2705.5
288,2/26/2024,4,10,17,185,2,8,1111.08
289,2/26/2024,5,2,8,326,9,1,766.41
290,2/26/2024,4,1,11,110,1,1,1777.97
291,2/26/2024,5,2,13,317,3,10,734.71
292,2/27/2024,1,4,7,225,7,11,998.72
293,2/27/2024,4,1,18,163,1,7,2645.26
294,2/27/2024,1,4,1,332,4,6,1446.99
295,2/27/2024,2,6,16,104,4,16,83.52
296,2/27/2024,3,7,3,15,0,18,234.61
297,2/27/2024,4,1,8,96,2,10,1566.72
1,1/1/2024,2,6,5,102,5,18,83.73
299,2/28/2024,4,10,4,165,4,10,972.68
300,2/28/2024,2,6,13,121,3,0,99.51
301,2/28/2024,4,1,4,142,3,158,2413.63
302,2/28/2024,4,10,3,,4,78,1259.06
303,2/29/2024,2,2,11,375,5,13,871.06
231,2/15/2024,2,2,19,397,5,17,939.39
305,2/29/2024,4,1,14,152,4,12,2482.88
306,2/29/2024,3,7,18,16,0,8,223.59
307,2/29/2024,3,9,8,705,11,18,78.48
308,2/29/2024,2,2,8,422,11,1,990.86
309,3/1/2024,5,3,12,4,0,11,295.36
310,3/1/2024,1,7,12,18,0,15,268.68
311,3/1/2024,2,6,2,103,4,0,67.04
312,3/1/2024,5,2,5,380,12,1,866.68
313,3/2/2024,2,2,17,388,4,5,916.29
314,3/2/2024,4,10,11,219,3,9,1305.81
315,3/2/2024,3,5,6,297,6,1,196.28
316,3/2/2024,3,9,8,1040,16,2,41.92
317,3/2/2024,3,5,3,312,7,0,207.81
318,3/2/2024,2,8,3,655,8,269,293.8
319,3/2/2024,2,6,16,138,6,18,109.09
320,3/3/2024,2,6,3,101,4,2,76.41
321,3/3/2024,1,4,20,327,8,13,1416.43
322,3/3/2024,1,4,7,361,10,17,1568.46
323,3/3/2024,3,7,8,12,0,1,175.23
324,3/4/2024,1,4,20,298,6,2,1297.04
325,3/4/2024,1,4,13,278,2,12,1208.5
326,3/4/2024,4,10,6,196,3,8,1165.97
327,3/4/2024,2,8,4,670,12,18,73.7
328,3/4/2024,1,4,17,286,4,7,1250.15
329,3/4/2024,1,4,2,301,7,19,1310.35
231,2/15/2024,2,2,19,397,5,17,939.39
331,3/5/2024,2,8,9,664,3,17,79.33
332,3/5/2024,3,7,17,13,0,16,216.57
333,3/5/2024,1,4,5,234,7,3,1029.41
334,3/5/2024,1,4,18,247,3,5,1074.77
335,3/5/2024,2,8,20,862,11,7,69.29
336,3/6/2024,3,7,1,11,0,3,188.8
337,3/6/2024,2,2,10,487,8,13,1140.35
338,3/6/2024,1,1,15,188,5,16,3062.46
339,3/6/2024,1,4,17,266,3,5,1152.21
340,3/6/2024,2,2,8,382,9,12,904.52
341,3/6/2024,1,7,1,13,0,15,207.98
342,3/7/2024,3,5,9,301,3,5,228.75
343,3/7/2024,2,2,8,425,10,49,1024.41
344,3/7/2024,2,8,6,820,6,9,94.91
345,3/7/2024,3,7,13,17,0,16,268.27
346,3/7/2024,4,1,1,151,2,20,2465.75
347,3/8/2024,3,9,4,992,16,8,46.69
348,3/8/2024,3,5,5,251,7,19,191.96
349,3/8/2024,3,9,5,1165,29,13,59.88
350,3/8/2024,1,7,19,16,0,20,257.4
351,3/8/2024,3,9,10,1118,4,8,67.77
352,3/9/2024,2,8,11,,3,13,102.32
353,3/9/2024,3,7,9,15,0,343,495.11
354,3/9/2024,5,2,16,480,15,9,1113.72
355,3/9/2024,2,2,7,379,11,5,889.8
356,3/9/2024,2,6,3,99,4,15,79.41
357,3/9/2024,1,7,7,15,0,7,230.84
358,3/9/2024,3,7,5,11,0,68,213.83
359,3/10/2024,4,10,14,117,3,12,693.11
360,3/10/2024,2,8,5,801,18,12,102.72
361,3/10/2024,3,9,20,1120,12,13,60.57
362,3/10/2024,1,7,9,14,0,9,209.03
363,3/10/2024,1,7,17,12,0,3,182.86
364,3/11/2024,1,4,4,343,9,16,1519.47
365,3/11/2024,3,9,14,945,18,15,54.12
366,3/11/2024,1,1,3,157,3,3,2560.59
367,3/11/2024,2,6,10,112,4,9,79.21
368,3/11/2024,3,7,4,15,0,19,223.43
369,3/11/2024,1,4,11,259,4,12,1147.95
370,3/11/2024,4,10,6,169,3,14,1000.2
371,3/12/2024,3,9,1,991,4,2,41.88
372,3/12/2024,3,5,17,290,4,10,212.76
373,3/12/2024,5,2,14,422,12,12,975.05
374,3/12/2024,5,2,1,417,5,5,955.24
375,3/12/2024,4,10,8,187,4,12,1110.98
376,3/12/2024,2,2,15,,9,10,891.25
377,3/13/2024,1,1,13,142,1,19,2335.73
378,3/13/2024,3,9,18,770,5,1,58.86
379,3/13/2024,4,10,18,234,3,14,1371.26
380,3/13/2024,2,2,11,359,6,11,854.63
381,3/13/2024,1,1,16,100,3,19,1633.04
382,3/13/2024,1,4,7,284,8,13,1229.26
383,3/14/2024,1,4,15,243,6,266,1289.1
384,3/14/2024,4,1,19,105,1,12,1716.35
385,3/14/2024,5,2,9,384,4,4,893.71
386,3/14/2024,5,3,18,6,0,6,383.19
387,3/14/2024,3,9,12,818,23,11,57.65
388,3/14/2024,5,3,18,3,0,0,205.23
389,3/14/2024,1,7,2,10,0,8,147.26
390,3/15/2024,3,5,18,285,3,9,215.92
391,3/15/2024,1,4,13,269,3,1,1154.57
392,3/15/2024,3,5,20,245,6,11,196
393,3/16/2024,5,2,7,374,11,5,884.9
394,3/16/2024,1,4,2,287,6,8,1236.38
395,3/16/2024,4,1,2,130,2,19,2138.93
396,3/16/2024,3,7,19,15,0,5,222.32
397,3/16/2024,5,2,14,407,11,10,946.99
398,3/16/2024,3,5,20,213,5,1,165.9
399,3/16/2024,3,7,4,,0,11,214.37
400,3/17/2024,4,10,2,169,3,3,990.85
401,3/17/2024,5,2,3,319,6,3,738.37
402,3/17/2024,4,1,5,133,3,8,2160.71
403,3/17/2024,4,10,14,184,5,77,1159.84
404,3/17/2024,5,2,3,370,7,19,861.16
405,3/17/2024,4,10,13,177,2,17,1053.15
406,3/17/2024,2,6,12,133,7,12,97.61
407,3/18/2024,3,5,12,276,9,8,189.77
408,3/18/2024,2,8,19,782,3,95,140.82
409,3/18/2024,5,3,11,4,0,2,287.6
410,3/19/2024,4,10,11,208,3,11,1247.11
411,3/19/2024,4,1,1,116,1,8,1906
412,3/19/2024,2,8,11,944,4,17,84.59
413,3/19/2024,5,2,9,442,6,20,1023.56
414,3/19/2024,1,1,17,177,2,6,2883.05
415,3/20/2024,3,9,18,968,3,18,73.09
416,3/20/2024,3,5,15,250,6,167,327.52
417,3/20/2024,5,2,17,355,5,4,841.39
418,3/20/2024,4,10,2,171,3,1,1020.79
419,3/20/2024,5,3,13,4,0,10,262.13
420,3/20/2024,5,3,9,5,0,18,350.53
421,3/20/2024,1,7,9,9,0,11,150.77
422,3/21/2024,5,2,17,470,5,8,1082.36
423,3/21/2024,2,2,12,457,17,10,1075.06
424,3/21/2024,4,10,16,182,5,67,1115.22
425,3/21/2024,5,2,5,413,13,177,1117.75
426,3/21/2024,5,3,20,4,0,7,288.81
427,3/21/2024,5,2,19,440,7,10,1044.89
428,3/22/2024,5,2,8,385,8,16,916.42
429,3/22/2024,2,8,4,,17,2,88.97
430,3/22/2024,2,8,18,961,3,1,96.37
431,3/22/2024,4,1,16,168,5,18,2716.31
432,3/22/2024,2,6,16,,4,0,75.77
433,3/22/2024,1,7,17,16,0,4,230.24
434,3/22/2024,5,3,9,5,0,12,349.8
435,3/23/2024,5,3,6,4,0,11,289.77
436,3/23/2024,4,1,4,167,4,6,2707.13
437,3/23/2024,3,9,20,1172,14,0,65.61
438,3/23/2024,2,6,20,117,4,1,89.5
439,3/23/2024,4,10,20,166,3,16,988.74
440,3/23/2024,1,7,17,,0,167,357.3
441,3/24/2024,1,4,13,281,3,2,1242.62
442,3/24/2024,5,3,18,5,0,19,363.72
443,3/24/2024,4,10,19,200,3,3,1194.52
444,3/24/2024,3,9,19,884,4,7,63.58
445,3/25/2024,4,1,16,158,4,16,2572.23
446,3/25/2024,3,5,10,303,4,8,205.51
447,3/25/2024,2,6,7,109,5,7,95.38
448,3/25/2024,3,5,4,307,7,1,228.92
449,3/25/2024,3,9,11,865,7,15,46.61
450,3/25/2024,5,3,13,4,0,15,299.59
451,3/26/2024,5,3,13,4,0,0,250.47
452,3/26/2024,2,6,19,100,3,8,68.39
453,3/26/2024,4,10,12,171,6,11,1036.22
454,3/27/2024,4,1,19,116,1,8,1904.56
455,3/27/2024,5,3,13,5,0,4,353.02
456,3/27/2024,5,3,16,4,0,5,256.4
457,3/27/2024,3,7,4,14,0,8,205.17
458,3/27/2024,4,1,12,122,4,9,1983.4
459,3/28/2024,4,10,3,191,4,5,1137.87
460,3/28/2024,3,7,20,16,0,7,228.14
461,3/28/2024,3,9,9,1044,6,11,69.6
462,3/28/2024,5,3,14,4,0,2,260.02
463,3/28/2024,4,1,4,151,4,2,2431.76
464,3/28/2024,5,2,3,539,11,9,1247.68
465,3/28/2024,2,2,17,520,6,17,1230.99
466,3/29/2024,4,1,18,119,1,18,1945.8
467,3/29/2024,5,3,12,4,0,13,270.79
468,3/29/2024,3,5,1,256,2,17,177.53
469,3/29/2024,4,10,10,155,2,0,923.18
470,3/29/2024,2,6,18,117,4,12,78.15
471,3/29/2024,1,4,8,306,8,8,1328.29
472,3/29/2024,5,3,14,4,0,10,258.78
473,3/30/2024,5,2,6,467,8,0,1070.06
474,3/30/2024,2,2,16,349,11,11,822.6
475,3/30/2024,1,4,3,237,4,12,1059.98
476,3/31/2024,2,6,15,84,3,6,69.41
477,3/31/2024,3,7,6,15,0,8,223.15
478,3/31/2024,3,5,12,229,8,5,183.18
479,4/1/2024,1,4,8,341,9,2,1470.8
480,4/1/2024,4,1,20,160,3,17,2615.26
481,4/1/2024,2,6,8,107,5,14,96
482,4/1/2024,1,7,13,14,0,14,218.56
483,4/1/2024,5,3,7,5,0,19,361.78
484,4/1/2024,5,2,3,405,9,14,932.48
485,4/1/2024,5,3,6,6,0,10,406.84
486,4/2/2024,4,1,17,180,2,13,2926.04
487,4/2/2024,1,1,17,156,2,1,2514.88
488,4/2/2024,4,1,4,141,4,1,2281.45
489,4/2/2024,5,2,1,455,5,2,1054.07
490,4/2/2024,1,4,18,308,4,155,1481.42
491,4/2/2024,1,1,8,151,3,20,2479.9
492,4/2/2024,5,3,4,5,0,13,355.71
493,4/3/2024,2,8,13,802,1,11,103.02
494,4/3/2024,5,3,12,4,0,7,278.13
495,4/3/2024,2,6,18,137,5,12,77.83
496,4/3/2024,1,4,20,237,6,17,1051.3
497,4/4/2024,5,2,4,326,8,18,767.89
498,4/4/2024,3,7,3,15,0,211,398.02
499,4/4/2024,2,6,19,130,4,340,352.51
500,4/4/2024,1,4,12,351,14,7,1537.26
501,4/4/2024,5,2,13,303,3,10,719.85
502,4/4/2024,2,2,2,408,9,4,936.49
503,4/4/2024,1,4,19,341,4,13,1500.6
504,4/5/2024,2,6,18,104,3,16,76.85
505,4/5/2024,1,4,14,290,8,0,1273.29
506,4/5/2024,2,6,20,126,5,11,78.59
507,4/5/2024,1,1,2,123,2,9,1985.75
508,4/6/2024,3,7,16,15,0,15,234.42
509,4/6/2024,2,8,1,529,1,1,53.9
510,4/6/2024,5,3,2,4,0,11,293.37
511,4/7/2024,3,9,13,888,4,10,55.15
512,4/7/2024,5,2,6,421,7,9,977.79
513,4/7/2024,4,1,1,140,1,16,2273.84
514,4/8/2024,3,7,1,13,0,12,202.93
515,4/8/2024,5,2,14,368,12,10,863.97
516,4/8/2024,2,2,5,426,12,16,1017.68
517,4/9/2024,2,8,19,925,5,3,75.27
518,4/9/2024,2,8,1,769,1,20,109.47
519,4/9/2024,3,5,7,218,6,8,171.42
520,4/9/2024,5,2,20,311,7,15,727.11
521,4/9/2024,5,3,12,4,0,7,256.89
522,4/9/2024,1,4,14,234,6,5,1045.58
523,4/10/2024,5,3,11,4,0,10,273.77
524,4/10/2024,5,2,17,325,5,7,767.6
525,4/10/2024,4,1,18,131,2,14,2133.12
526,4/10/2024,3,7,15,13,0,4,194.24
527,4/10/2024,4,1,17,125,1,18,2060.26
528,4/10/2024,2,6,3,94,4,3,56
529,4/11/2024,3,5,17,298,5,5,207.95
530,4/11/2024,4,1,6,186,3,4,2996.35
531,4/11/2024,1,4,10,236,3,3,1051.34
532,4/11/2024,2,2,20,399,10,15,929.27
533,4/11/2024,5,3,15,4,0,17,274.72
534,4/11/2024,5,2,2,381,8,19,894.39
535,4/12/2024,1,1,14,125,3,17,2030.7
536,4/12/2024,4,10,2,170,3,2,1019.44
537,4/12/2024,5,2,10,396,7,13,932.39
538,4/13/2024,5,2,4,403,11,9,941.03
539,4/13/2024,3,7,17,15,0,15,230.29
540,4/13/2024,4,10,6,225,4,3,1307.11
541,4/13/2024,1,7,7,14,0,0,210.62
542,4/14/2024,3,5,10,221,3,10,164.25
543,4/14/2024,5,2,6,483,9,114,1207.21
544,4/14/2024,4,10,15,224,6,9,1327.8
545,4/14/2024,3,9,18,933,3,19,59.44
546,4/14/2024,5,2,10,430,5,15,1024.58
547,4/15/2024,4,10,7,201,5,148,1320.68
548,4/15/2024,4,1,16,138,4,10,2231.73
549,4/15/2024,1,7,5,11,0,1,175.78
550,4/15/2024,5,2,11,396,6,9,909.1
551,4/15/2024,3,9,7,942,17,14,66.88
552,4/16/2024,2,2,9,406,5,8,935.56
553,4/16/2024,3,9,8,877,16,1,33.54
554,4/16/2024,4,1,4,145,3,18,2369.58
555,4/16/2024,4,10,10,189,3,2,1137.3
556,4/16/2024,4,1,3,147,3,14,2392.02
557,4/17/2024,2,8,9,939,4,10,92.47
558,4/17/2024,1,1,16,121,3,11,1978.98
559,4/17/2024,2,8,4,732,11,2,87.22
560,4/17/2024,5,3,13,5,0,15,337.35
561,4/18/2024,2,8,19,821,5,2,90.43
562,4/18/2024,5,3,4,5,0,5,326.32
563,4/18/2024,4,1,20,166,3,2,2676.3
564,4/18/2024,2,8,1,956,1,19,105.68
565,4/18/2024,2,2,11,299,5,13,721.86
566,4/19/2024,1,7,1,15,0,1,213.07
567,4/19/2024,5,2,1,516,5,0,1180.41
568,4/19/2024,5,3,11,5,0,5,332.99
569,4/19/2024,2,8,13,910,1,4,73.17
570,4/19/2024,1,7,1,13,0,19,224.91
571,4/20/2024,2,6,17,106,3,13,89.63
572,4/20/2024,5,3,8,5,0,1,349.93
573,4/20/2024,5,3,12,4,0,16,302.14
574,4/20/2024,3,7,17,11,0,2,176.46
575,4/20/2024,5,3,20,4,0,16,299.04
576,4/20/2024,5,3,14,4,0,9,286.28
577,4/20/2024,5,3,2,5,0,9,349.56
578,4/21/2024,1,4,16,234,7,4,1032.33
579,4/21/2024,3,7,1,17,0,14,248.49
580,4/21/2024,2,6,8,117,5,2,100.02
581,4/21/2024,5,2,16,444,13,20,1031.69
582,4/21/2024,5,3,2,5,0,12,338.65
583,4/21/2024,4,1,13,161,1,13,2596.87
584,4/21/2024,4,10,11,157,2,8,951.24
585,4/22/2024,5,3,15,6,0,6,395.6
586,4/22/2024,2,6,18,97,3,11,68.8
587,4/22/2024,3,7,7,10,0,19,175.72
588,4/22/2024,1,1,20,108,2,5,1777.84
589,4/22/2024,2,6,10,104,3,8,91.37
590,4/23/2024,3,5,3,234,4,8,195.02
591,4/23/2024,3,5,15,218,5,17,185.15
592,4/23/2024,2,8,4,819,14,4,88.45
593,4/23/2024,1,1,13,119,1,16,1955.1
594,4/23/2024,4,10,14,181,5,160,1178.88
595,4/24/2024,1,7,18,17,0,20,278.38
596,4/24/2024,1,4,18,341,5,9,1492.36
597,4/24/2024,2,8,2,732,8,15,69.31
598,4/24/2024,4,1,5,129,4,14,2123.86
599,4/24/2024,1,1,11,185,2,17,2989.56
600,4/24/2024,5,2,3,429,10,111,1064.62
601,4/25/2024,3,5,15,293,6,3,208.09
602,4/25/2024,5,2,3,454,10,12,1054.07
603,4/25/2024,5,2,11,466,6,4,1092
604,4/26/2024,3,9,6,787,5,20,66.24
605,4/26/2024,2,2,16,413,12,15,978.94
606,4/26/2024,2,2,9,404,6,1,943.65
607,4/26/2024,4,1,10,138,2,11,2261.31
608,4/27/2024,5,2,15,481,11,4,1122.86
609,4/27/2024,4,10,6,163,2,19,994.66
610,4/27/2024,4,1,4,149,4,18,2431.59
611,4/27/2024,4,1,11,138,1,13,2263.2
612,4/27/2024,4,1,3,147,3,19,2395.4
613,4/27/2024,4,10,5,197,6,10,1155.84
614,4/27/2024,5,2,9,394,5,19,917.97
615,4/28/2024,2,8,18,943,6,14,88.95
616,4/28/2024,4,1,8,134,3,4,2193.75
617,4/28/2024,1,4,2,232,5,316,1264.57
618,4/28/2024,1,4,16,254,6,6,1099.61
619,4/28/2024,3,5,3,209,4,14,165.15
620,4/28/2024,2,8,13,888,0,12,108.62
621,4/28/2024,3,9,2,788,11,18,71.94
622,4/29/2024,5,3,2,5,0,241,517.42
623,4/29/2024,5,2,12,360,14,6,830.34
624,4/29/2024,3,5,18,202,3,6,166.13
625,4/30/2024,3,7,9,15,0,14,228.15
626,4/30/2024,5,2,16,467,14,19,1090.68
627,4/30/2024,1,1,15,123,2,2,1983.97
628,4/30/2024,3,5,5,248,7,9,182.66
629,5/1/2024,2,6,12,110,6,0,91.62
630,5/1/2024,2,8,11,772,5,18,97.35
631,5/1/2024,5,3,15,4,0,8,265.47
632,5/1/2024,3,7,2,13,0,5,204.97
633,5/1/2024,3,5,6,321,6,7,212.88
634,5/1/2024,3,9,5,975,19,10,76.62
635,5/1/2024,2,6,15,121,5,12,108.27
636,5/2/2024,4,10,5,236,7,9,1412.98
637,5/2/2024,5,2,19,381,6,327,1133.53
638,5/2/2024,1,4,20,347,7,144,1623.29
639,5/2/2024,2,6,7,114,5,6,82.87
640,5/3/2024,5,2,12,362,13,0,835.89
641,5/3/2024,3,7,15,16,0,9,223.75
642,5/3/2024,4,10,5,242,7,16,1453.77
643,5/3/2024,1,7,13,12,0,17,192.08
644,5/3/2024,5,2,7,347,10,199,983.33
645,5/3/2024,3,7,18,16,0,9,255.44
646,5/3/2024,4,1,10,143,2,3,2330.99
647,5/4/2024,1,7,12,15,0,15,248.47
648,5/4/2024,1,4,17,255,3,4,1111.25
649,5/4/2024,1,4,12,229,8,16,1021.61
650,5/4/2024,1,7,7,16,0,17,236.5
651,5/4/2024,3,9,10,805,4,11,67.83
652,5/4/2024,1,1,17,111,1,5,1794.1
653,5/5/2024,5,2,7,468,14,17,1105.1
654,5/5/2024,1,4,15,262,6,19,1159.62
655,5/5/2024,3,5,10,220,3,2,160.59
656,5/5/2024,1,1,1,193,1,16,3134.53
657,5/6/2024,1,4,2,390,10,6,1679.69
658,5/6/2024,3,5,3,215,4,19,163.87
659,5/6/2024,5,2,4,538,15,9,1234.57
660,5/6/2024,5,2,4,468,13,3,1072.63
661,5/6/2024,3,7,14,13,0,3,193.54
662,5/6/2024,5,2,16,491,14,212,1304.1
663,5/7/2024,3,7,20,17,0,13,244.52
664,5/7/2024,4,1,3,176,3,3,2844.25
665,5/7/2024,5,2,4,338,9,5,777.09
666,5/7/2024,2,6,7,129,6,8,101.48
667,5/7/2024,4,10,16,166,4,7,995.23
668,5/7/2024,2,2,4,544,15,136,1358.11
669,5/8/2024,2,6,20,135,6,15,111.08
670,5/8/2024,2,6,16,119,5,17,74.88
671,5/8/2024,1,4,4,286,7,1,1233.37
672,5/8/2024,3,9,6,997,11,3,55.09
673,5/8/2024,4,10,16,203,5,18,1230.48
674,5/9/2024,3,7,11,10,0,18,150.48
675,5/9/2024,3,7,4,14,0,9,215.9
676,5/9/2024,1,4,4,275,8,13,1199.81
677,5/9/2024,4,1,11,142,2,3,2312.03
678,5/9/2024,2,6,16,120,5,11,108.58
679,5/9/2024,2,6,3,142,5,338,356.83
680,5/9/2024,2,8,3,906,11,18,110.81
681,5/10/2024,4,1,12,182,6,13,2958.94
682,5/10/2024,3,5,14,233,6,5,189.04
683,5/10/2024,5,2,19,399,7,8,951.64
684,5/10/2024,5,3,19,5,0,7,321.62
685,5/10/2024,3,7,14,10,0,13,156.08
686,5/10/2024,3,9,6,842,7,6,32.75
687,5/11/2024,4,10,18,243,3,8,1419.11
688,5/11/2024,3,7,18,18,0,2,249.16
689,5/11/2024,3,5,14,327,10,4,218.84
690,5/11/2024,5,2,17,440,6,15,1047.38
691,5/11/2024,2,8,4,881,17,7,105.88
692,5/12/2024,2,2,6,359,6,1,838.16
693,5/12/2024,3,9,4,918,17,4,46.08
694,5/12/2024,3,7,1,20,0,1,288.43
695,5/12/2024,2,6,18,110,3,3,80.55
696,5/13/2024,4,10,1,234,3,2,1394.55
697,5/13/2024,2,6,7,133,6,20,98.78
698,5/13/2024,1,4,3,296,7,3,1303.38
699,5/13/2024,3,9,3,904,12,14,67.09
700,5/14/2024,2,8,15,869,13,10,93.17
701,5/14/2024,1,1,8,170,4,19,2772.63
702,5/14/2024,3,7,16,16,0,10,249.98
703,5/15/2024,1,4,12,404,16,5,1732.99
704,5/15/2024,5,3,20,4,0,3,252.96
705,5/15/2024,5,3,15,5,0,8,327.92
706,5/15/2024,4,10,5,195,5,6,1152.78
707,5/16/2024,2,2,10,393,6,2,896.26
708,5/16/2024,2,6,13,140,4,8,78.82
709,5/16/2024,5,2,2,377,9,19,901.83
710,5/16/2024,1,1,9,150,2,4,2451.92
711,5/16/2024,5,2,19,360,5,14,836.48
712,5/16/2024,3,9,17,976,2,15,76.39
713,5/17/2024,3,7,10,17,0,16,247.82
714,5/17/2024,2,6,16,129,6,14,78.15
715,5/17/2024,2,2,8,338,8,3,812.71
716,5/17/2024,4,1,15,130,3,4,2098.15
717,5/17/2024,1,1,10,135,2,18,2192.9
718,5/18/2024,5,2,14,457,13,10,1047.29
719,5/18/2024,1,4,12,442,17,2,1908.51
720,5/18/2024,4,10,9,234,3,18,1375.07
721,5/19/2024,3,7,2,17,0,8,236.02
722,5/19/2024,4,1,1,166,2,20,2688.17
723,5/19/2024,3,7,14,18,0,11,264.31
724,5/20/2024,4,10,16,170,4,11,1020.85
725,5/20/2024,4,10,3,164,3,4,993.43
726,5/20/2024,5,2,10,396,7,4,931.57
727,5/20/2024,3,5,17,239,3,16,170.51
728,5/20/2024,4,10,4,193,5,18,1137.42
729,5/20/2024,5,2,4,446,13,1,1017.63
730,5/21/2024,3,9,15,1120,19,5,44.84
731,5/21/2024,1,7,20,12,0,247,362.27
732,5/21/2024,2,8,16,786,16,15,81.27
733,5/21/2024,5,3,13,5,0,0,337.84
734,5/21/2024,2,2,7,397,11,17,924.49
735,5/22/2024,4,1,16,146,4,14,2395.75
736,5/22/2024,4,1,15,154,4,1,2488.15
737,5/22/2024,1,7,14,17,0,15,250.49
738,5/22/2024,5,3,8,5,0,2,322.31
739,5/22/2024,4,10,4,195,5,0,1137.7
740,5/23/2024,4,10,15,182,5,19,1105.84
741,5/23/2024,4,1,10,164,2,20,2679.38
742,5/23/2024,4,1,20,113,2,5,1829.98
743,5/23/2024,5,3,4,4,0,11,294.04
744,5/24/2024,2,2,17,381,4,8,913.4
745,5/24/2024,3,5,18,232,3,3,179.86
746,5/24/2024,4,10,4,239,6,16,1401.27
747,5/24/2024,1,1,12,131,4,3,2114.57
748,5/24/2024,3,7,5,13,0,0,182.31
749,5/25/2024,3,7,17,13,0,20,215.1
750,5/25/2024,2,8,14,868,16,14,111.35
751,5/25/2024,5,3,1,4,0,2,254.99
752,5/25/2024,3,7,6,14,0,4,224.3
753,5/25/2024,1,7,17,18,0,9,271.06
754,5/25/2024,3,7,1,15,0,17,236.07
755,5/26/2024,4,10,13,153,1,4,913.77
756,5/26/2024,5,3,7,3,0,5,194.94
757,5/26/2024,5,3,8,5,0,1,344.46
758,5/26/2024,3,9,17,960,4,9,59.3
759,5/26/2024,1,4,11,381,6,11,1650.02
760,5/26/2024,5,2,13,402,4,11,941.47
761,5/26/2024,2,8,14,791,15,18,94.22
762,5/27/2024,3,9,16,1102,19,15,72.49
763,5/27/2024,2,8,17,884,2,5,104.8
764,5/27/2024,3,5,20,275,6,16,193.93
765,5/27/2024,3,7,12,13,0,18,203.77
766,5/27/2024,3,7,7,10,0,2,171.42
767,5/27/2024,4,10,19,182,2,19,1077.01
768,5/28/2024,5,3,15,5,0,19,351.78
769,5/28/2024,4,10,8,231,5,14,1378.89
770,5/28/2024,1,1,1,163,2,3,2646.16
771,5/28/2024,1,1,20,156,4,15,2538.11
772,5/29/2024,1,7,18,16,0,14,224.59
773,5/29/2024,5,3,13,5,0,5,330.6
774,5/29/2024,5,3,13,4,0,4,260.51
775,5/30/2024,2,6,14,125,6,1,75.85
776,5/30/2024,1,4,5,290,9,3,1246.98
777,5/30/2024,2,8,19,689,4,8,60.17
778,5/31/2024,5,3,3,4,0,8,278.56
779,5/31/2024,5,2,8,477,11,14,1097.81
780,5/31/2024,5,2,5,462,14,14,1062.37
781,5/31/2024,4,10,6,197,4,11,1185.25
782,5/31/2024,2,8,17,746,3,90,142.57
783,5/31/2024,1,1,18,127,2,10,2075.41
784,6/1/2024,3,5,11,231,3,113,264.86
785,6/1/2024,1,7,16,12,0,12,191.13
786,6/1/2024,1,7,1,14,0,19,214.52
787,6/1/2024,2,8,1,677,0,55,124.96
788,6/1/2024,3,5,3,304,7,15,243.09
789,6/1/2024,1,4,16,272,8,8,1195.16
790,6/2/2024,2,8,7,875,18,2,87.63
791,6/2/2024,1,1,9,92,1,17,1520.18
792,6/2/2024,5,3,1,5,0,16,341.46
793,6/2/2024,3,9,2,1127,14,14,56.39
794,6/2/2024,4,1,11,112,1,13,1850.71
795,6/2/2024,2,2,6,381,7,266,1112.37
796,6/3/2024,3,7,8,13,0,215,365.29
797,6/3/2024,2,2,20,452,11,2,1067.58
798,6/3/2024,1,4,11,315,4,71,1417.35
799,6/3/2024,4,10,4,210,6,19,1233.12
800,6/3/2024,4,10,14,251,7,0,1471.41
801,6/3/2024,3,9,7,1134,24,4,61.37
802,6/3/2024,3,7,14,14,0,1,188.22
803,6/4/2024,5,3,17,2,0,9,161.33
804,6/4/2024,3,7,1,15,0,17,245.45
805,6/4/2024,4,10,7,169,5,10,1023.83
806,6/4/2024,5,3,20,4,0,1,270.64
807,6/4/2024,1,7,8,16,0,10,250.29
808,6/5/2024,2,6,6,96,3,14,69.78
809,6/5/2024,5,3,2,4,0,17,273.44
810,6/5/2024,2,2,6,341,6,9,802.7
811,6/5/2024,3,7,6,16,0,19,242.38
812,6/5/2024,2,2,20,461,10,7,1054.98
813,6/5/2024,3,5,17,229,3,2,155.7
814,6/6/2024,5,3,16,5,0,15,350.63
815,6/6/2024,4,10,9,211,3,6,1236.83
816,6/6/2024,2,6,8,115,5,11,77.86
817,6/6/2024,1,1,3,133,2,307,2408.45
818,6/6/2024,4,10,15,194,5,0,1132.68
819,6/6/2024,2,6,3,115,5,20,78
820,6/7/2024,2,2,4,361,9,8,836.28
821,6/7/2024,5,2,18,283,4,12,689.22
822,6/7/2024,1,4,17,336,5,7,1464.23
823,6/7/2024,5,3,15,4,0,13,268.78
824,6/7/2024,4,1,12,121,4,11,1968.39
825,6/8/2024,4,10,18,175,2,116,1115.2
826,6/8/2024,3,9,20,1249,16,12,47.13
827,6/8/2024,4,1,16,114,3,2,1842.46
828,6/8/2024,5,2,2,484,10,12,1119.95
829,6/8/2024,2,6,17,120,4,5,104.58
830,6/8/2024,2,8,14,795,18,4,95.72
831,6/9/2024,4,10,6,287,5,14,1682.47
832,6/9/2024,1,1,15,121,3,18,1995.57
833,6/9/2024,4,10,19,292,4,9,1711.84
834,6/9/2024,2,6,8,94,4,5,81.89
835,6/9/2024,1,4,2,253,5,6,1126.4
836,6/10/2024,5,2,12,440,16,16,1014.59
837,6/10/2024,1,1,15,131,3,0,2116.02
838,6/10/2024,2,6,15,119,5,14,77.39
839,6/10/2024,3,5,6,305,5,12,209.34
840,6/10/2024,1,7,9,12,0,317,422.25
841,6/10/2024,1,7,17,16,0,9,234.96
842,6/11/2024,1,1,13,143,1,0,2311.48
843,6/11/2024,2,8,3,717,8,10,73.93
844,6/11/2024,2,8,7,947,18,3,83.48
845,6/11/2024,2,2,13,362,4,19,854.46
846,6/11/2024,1,1,14,130,4,17,2135.25
847,6/11/2024,5,2,9,429,6,10,1022.37
848,6/11/2024,4,1,11,145,2,0,2339.3
849,6/12/2024,1,4,8,375,10,236,1812.5
850,6/12/2024,2,2,13,508,7,10,1166.37
851,6/12/2024,3,9,2,1239,18,0,43.94
852,6/12/2024,3,7,8,18,0,16,260.67
853,6/12/2024,4,1,3,117,2,2,1890.55
854,6/12/2024,5,2,8,401,10,6,926.85
855,6/12/2024,2,8,8,704,13,15,67.44
856,6/13/2024,4,10,6,197,4,4,1178.73
857,6/13/2024,4,1,13,146,2,17,2365.71
858,6/13/2024,2,6,13,117,3,2,74.65
859,6/13/2024,4,1,5,141,4,11,2290.16
860,6/13/2024,3,9,19,1280,6,20,79.14
861,6/14/2024,4,10,8,243,6,20,1429.17
862,6/14/2024,5,3,5,4,0,0,254.67
863,6/14/2024,1,7,13,14,0,6,224.84
864,6/15/2024,4,10,10,200,3,13,1200.5
865,6/15/2024,1,1,19,166,2,12,2703.56
866,6/15/2024,1,1,16,165,5,5,2661.06
867,6/15/2024,2,8,5,724,17,6,65.67
868,6/16/2024,2,2,9,329,3,2,763.58
869,6/16/2024,4,1,9,130,2,181,2264.87
870,6/16/2024,1,7,19,9,0,8,166.19
871,6/17/2024,3,9,14,867,16,7,70.58
872,6/17/2024,4,10,20,164,3,14,999.02
873,6/17/2024,4,1,1,180,1,7,2910.34
874,6/17/2024,5,3,17,4,0,10,258.67
875,6/17/2024,3,5,11,264,4,2,183.93
876,6/17/2024,4,1,13,140,1,18,2295.79
877,6/18/2024,1,1,16,166,5,14,2683.92
878,6/18/2024,4,1,16,158,4,2,2543.82
879,6/18/2024,1,1,11,135,2,3,2199.02
880,6/18/2024,5,3,3,5,0,19,327.79
881,6/18/2024,3,7,13,17,0,7,237.04
882,6/18/2024,1,4,3,254,5,3,1114.81
883,6/18/2024,2,6,13,90,3,10,87.1
884,6/19/2024,5,2,4,376,10,9,896.69
885,6/19/2024,4,10,5,206,6,1,1219.26
886,6/19/2024,3,9,4,617,11,6,46.94
887,6/19/2024,4,1,11,102,1,7,1675.62
888,6/20/2024,2,6,13,86,2,0,68.47
889,6/20/2024,3,7,16,14,0,6,217.84
890,6/20/2024,5,3,4,5,0,14,347.39
891,6/21/2024,2,6,16,112,5,20,73.97
892,6/21/2024,5,2,5,422,12,15,978.69
893,6/21/2024,1,1,17,164,2,12,2653.4
894,6/21/2024,1,1,13,148,2,12,2418.63
895,6/21/2024,1,4,13,249,2,2,1074.73
896,6/21/2024,5,2,1,393,3,12,923.22
897,6/21/2024,4,10,19,171,2,17,1014.25
898,6/22/2024,4,10,3,202,4,3,1204.04
899,6/22/2024,2,8,4,636,10,10,61.08
900,6/22/2024,2,8,7,834,15,2,100.84
901,6/23/2024,3,7,18,15,0,9,231.07
902,6/23/2024,4,1,19,149,2,19,2430.73
903,6/23/2024,2,8,4,835,12,6,103.2
904,6/23/2024,5,2,19,383,6,175,1022.18
905,6/23/2024,2,6,15,102,4,17,75.1
906,6/23/2024,3,9,7,1126,23,5,53.31
907,6/23/2024,2,6,14,109,5,13,69.36
908,6/24/2024,3,7,9,14,0,3,218.71
909,6/24/2024,1,1,17,162,2,16,2628.76
910,6/24/2024,5,3,18,4,0,12,266.83
911,6/25/2024,5,3,16,5,0,4,318.91
912,6/25/2024,5,3,2,6,0,19,401.93
913,6/25/2024,4,1,15,150,3,7,2427.81
914,6/25/2024,1,4,14,311,8,18,1348.45
915,6/25/2024,3,9,16,998,21,3,48.58
916,6/25/2024,5,2,1,474,6,16,1116.66
917,6/25/2024,1,7,15,18,0,113,345.95
918,6/26/2024,4,10,13,174,2,3,1024.5
919,6/26/2024,4,10,9,143,2,9,876.61
920,6/26/2024,5,2,15,394,9,5,916.58
921,6/27/2024,1,4,16,250,8,15,1084.78
922,6/27/2024,3,5,16,240,7,8,164.75
923,6/27/2024,4,10,6,212,3,13,1269.16
924,6/28/2024,2,8,7,795,16,12,87.37
925,6/28/2024,4,1,4,127,3,1,2069.93
926,6/28/2024,3,7,20,16,0,13,230.31
927,6/29/2024,5,2,8,374,9,13,869.84
928,6/29/2024,1,7,17,15,0,4,209.88
929,6/29/2024,2,6,2,111,4,147,178.41
930,6/29/2024,1,4,14,306,10,13,1340.07
931,6/30/2024,4,1,10,126,2,7,2044.39
932,6/30/2024,1,1,2,140,3,13,2267.79
933,6/30/2024,4,10,11,188,2,4,1107.45
934,6/30/2024,3,9,19,1011,6,12,43.31
935,6/30/2024,1,1,20,114,3,6,1846.52
936,6/30/2024,4,1,3,135,3,4,2174.95
937,6/30/2024,2,6,18,122,4,3,100.68
938,7/1/2024,4,10,17,244,2,4,1427.79
939,7/1/2024,5,2,7,441,13,2,1010.47
940,7/1/2024,5,3,18,5,0,5,336.88
941,7/2/2024,1,7,15,15,0,9,233.03
942,7/2/2024,5,2,6,339,6,8,816.24
943,7/2/2024,3,5,8,179,4,10,128.73
944,7/2/2024,5,3,5,4,0,50,322.96
945,7/2/2024,2,8,9,1162,6,3,111.02
946,7/2/2024,4,10,20,214,4,18,1280.09
947,7/2/2024,4,1,15,112,2,2,1823.44
948,7/3/2024,2,2,7,526,14,9,1207.22
949,7/3/2024,2,6,20,108,4,20,110.72
950,7/3/2024,1,7,17,14,0,1,191.09
951,7/3/2024,1,4,5,384,12,99,1742.89
952,7/3/2024,3,9,3,852,10,5,43.34
953,7/3/2024,4,1,8,155,4,9,2501.3
954,7/4/2024,2,2,8,314,7,7,758.97
955,7/4/2024,4,1,16,135,3,11,2181.85
956,7/4/2024,3,5,12,314,11,19,220.85
957,7/4/2024,4,1,10,156,2,15,2544.47
958,7/4/2024,3,9,3,893,10,15,72.45
959,7/4/2024,1,7,14,17,0,5,257.2
960,7/5/2024,3,7,14,12,0,4,195.29
961,7/5/2024,2,6,14,123,6,7,83.26
962,7/5/2024,5,3,17,5,0,7,330.07
963,7/5/2024,2,2,12,541,21,223,1420.08
964,7/5/2024,2,6,15,73,3,4,59.32
965,7/6/2024,4,10,2,230,4,5,1337.71
966,7/6/2024,3,5,3,286,6,4,214.72
967,7/6/2024,3,7,14,16,0,101,297.04
968,7/7/2024,5,2,17,342,4,14,812.87
969,7/7/2024,3,9,17,935,6,2,51.16
970,7/7/2024,2,8,7,778,15,17,94.48
971,7/8/2024,4,10,11,213,3,235,1448.62
972,7/8/2024,2,6,4,100,4,7,69.39
973,7/8/2024,5,2,3,451,9,7,1041.12
974,7/9/2024,5,2,19,497,6,9,1135.79
975,7/9/2024,3,7,13,15,0,4,228.81
976,7/9/2024,1,4,14,361,10,0,1567.74
977,7/9/2024,4,10,19,145,1,7,884.73
978,7/9/2024,2,8,6,820,7,9,80.81
979,7/9/2024,4,1,13,164,2,2,2655.56
980,7/9/2024,4,10,6,182,3,14,1078.02
981,7/10/2024,3,7,5,14,0,19,236.89
982,7/10/2024,2,6,12,121,6,13,92.06
983,7/10/2024,3,9,2,1087,16,17,45.66
984,7/10/2024,1,4,13,256,2,14,1135.97
985,7/10/2024,3,7,15,20,0,3,299.1
986,7/10/2024,4,10,7,194,5,6,1158.39
987,7/11/2024,1,4,15,293,7,352,1567.82
988,7/11/2024,1,4,14,334,9,4,1435.47
989,7/11/2024,4,1,10,176,2,8,2839.76
990,7/11/2024,1,1,14,125,3,13,2039.67
991,7/11/2024,5,2,14,351,10,350,1087.69
992,7/11/2024,5,2,11,495,8,10,1132.32
993,7/12/2024,2,6,11,113,3,4,86.6
994,7/12/2024,5,2,2,381,8,11,884.44
995,7/12/2024,2,8,19,948,4,9,94.16
996,7/12/2024,1,7,16,16,0,17,240.63
997,7/12/2024,3,5,6,245,4,13,182.66
998,7/12/2024,4,10,20,213,5,1,1262.26
999,7/13/2024,2,2,15,405,11,11,968.75
1000,7/13/2024,4,10,13,159,1,8,942.95
1001,7/13/2024,4,1,1,176,1,11,2868.43
1002,7/13/2024,5,3,11,4,0,12,267.31
1003,7/13/2024,4,1,19,104,1,12,1719.77
1004,7/13/2024,5,2,14,304,8,18,739.77
1005,7/14/2024,5,2,11,366,5,18,854.02
1006,7/14/2024,5,2,19,353,4,20,851.35
1007,7/14/2024,2,2,8,355,8,12,849.17
1008,7/14/2024,1,4,3,325,6,19,1411.36
1009,7/14/2024,2,6,9,119,4,15,104.39
1010,7/15/2024,1,4,3,261,6,14,1162.79
1011,7/15/2024,2,6,1,156,5,3,117.74
1012,7/15/2024,3,7,20,15,0,17,212.02
1013,7/15/2024,5,2,7,356,10,4,824.9
1014,7/15/2024,4,1,3,136,2,15,2215.44
1015,7/15/2024,4,1,9,109,1,12,1767.72
1016,7/16/2024,3,5,7,306,9,8,232.64
1017,7/16/2024,5,2,20,384,8,2,893.58
1018,7/16/2024,1,7,9,15,0,16,224.39
1019,7/16/2024,1,1,6,170,3,6,2761.08
1020,7/16/2024,3,5,11,214,2,14,172.3
1021,7/16/2024,3,5,18,211,2,17,161.32
1022,7/16/2024,5,2,19,469,8,10,1081.18
1023,7/17/2024,4,10,2,243,5,10,1438.9
1024,7/17/2024,2,8,1,675,2,14,73.07
1025,7/17/2024,4,1,18,156,1,9,2524.19
1026,7/18/2024,4,1,18,170,1,14,2760.93
1027,7/18/2024,1,4,20,260,6,10,1157.46
1028,7/18/2024,4,1,6,151,3,67,2484.03
1029,7/18/2024,3,5,9,221,3,5,183.59
1030,7/18/2024,5,3,4,6,0,16,392.42
1031,7/19/2024,4,10,11,227,3,2,1330.97
1032,7/19/2024,2,8,7,843,16,6,84.11
1033,7/19/2024,4,1,16,130,3,10,2128.42
1034,7/19/2024,3,9,15,1262,17,11,59.46
1035,7/19/2024,4,1,13,133,1,18,2178.34
1036,7/19/2024,2,6,4,129,6,0,83.87
1037,7/20/2024,4,10,9,156,2,12,936.69
1038,7/20/2024,5,3,2,4,0,13,268.16
1039,7/20/2024,2,6,6,126,5,1,90.2
1040,7/20/2024,1,1,4,140,3,19,2293.18
1041,7/20/2024,4,10,13,226,2,11,1343.78
1042,7/20/2024,5,3,1,3,0,9,231.3
1043,7/20/2024,2,2,11,422,6,0,986.14
1044,7/21/2024,3,5,6,161,2,15,141.93
1045,7/21/2024,4,1,16,177,4,3,2848.4
1046,7/21/2024,3,7,16,13,0,225,364.55
1047,7/21/2024,3,9,20,994,14,4,72.23
1048,7/21/2024,2,8,5,769,17,13,80.92
1049,7/21/2024,1,1,13,195,2,16,3149.8
1050,7/22/2024,3,7,19,14,0,19,205.12
1051,7/22/2024,4,10,10,219,3,5,1285.4
1052,7/22/2024,3,5,10,215,2,13,163.49
1053,7/22/2024,1,1,9,172,2,2,2792.13
1054,7/22/2024,2,8,7,628,11,226,238.43
1055,7/23/2024,4,10,4,206,5,18,1214.47
1056,7/23/2024,2,6,5,116,5,20,93.75
1057,7/23/2024,2,6,14,93,4,11,77.06
1058,7/23/2024,4,10,14,244,7,260,1624.54
1059,7/23/2024,2,8,10,940,4,18,115.91
1060,7/23/2024,1,4,5,296,8,20,1288.28
1061,7/24/2024,1,4,19,297,3,16,1314.62
1062,7/24/2024,1,7,7,15,0,20,247.59
1063,7/24/2024,3,9,10,1208,5,123,156.71
1064,7/24/2024,1,7,4,13,0,12,184.33
1065,7/24/2024,1,4,13,298,3,8,1315.77
1066,7/24/2024,4,1,14,129,4,15,2097.6
1067,7/24/2024,1,7,16,14,0,14,212.88
1068,7/25/2024,2,2,10,389,5,20,927.27
1069,7/25/2024,5,3,2,5,0,14,332.28
1070,7/25/2024,2,6,17,142,4,12,100.47
1071,7/25/2024,2,8,5,691,14,4,65.79
1072,7/25/2024,3,7,3,19,0,5,274.54
1073,7/25/2024,5,3,5,5,0,12,322.3
1074,7/26/2024,2,2,4,433,12,7,1029.1
1075,7/26/2024,2,2,6,438,10,1,1020.78
1076,7/26/2024,1,1,3,146,3,134,2466.05
1077,7/27/2024,4,1,19,152,2,7,2455.65
1078,7/27/2024,2,6,17,131,4,3,76.22
1079,7/27/2024,2,2,12,465,18,20,1093.38
1080,7/27/2024,2,2,19,467,7,4,1096.01
1081,7/27/2024,4,10,13,244,2,3,1420.12
1082,7/27/2024,2,2,20,404,10,8,941.02
1083,7/28/2024,1,1,10,111,2,16,1811.29
1084,7/28/2024,5,2,18,422,5,8,992.03
1085,7/28/2024,1,4,14,272,8,17,1212.27
1086,7/28/2024,3,9,2,926,15,1,43.15
1087,7/28/2024,1,4,20,357,7,3,1531.07
1088,7/29/2024,2,8,12,779,23,0,93.99
1089,7/29/2024,1,1,18,156,2,291,2740.89
1090,7/29/2024,4,1,14,167,4,19,2736.5
1091,7/29/2024,3,7,7,13,0,17,208.82
1092,7/29/2024,1,7,8,13,0,20,224.12
1093,7/29/2024,3,5,20,230,5,323,414.63
1094,7/29/2024,3,5,15,275,7,8,194.15
1095,7/30/2024,5,2,2,373,9,2,858.99
1096,7/30/2024,2,8,8,710,9,4,57.23
1097,7/30/2024,2,8,15,856,11,1,72.97
1098,7/30/2024,5,3,10,4,0,12,277.36
1099,7/30/2024,2,2,13,342,3,17,823.62
1100,7/30/2024,1,7,11,17,0,19,255.06
1101,7/30/2024,4,1,4,193,5,17,3130.14
1102,7/31/2024,5,3,6,6,0,0,381.23
1103,7/31/2024,3,5,8,274,7,185,336.87
1104,7/31/2024,3,9,20,818,12,5,48.11
1105,7/31/2024,1,4,1,224,2,6,983.14
1106,7/31/2024,5,2,9,491,8,8,1151.79
1107,7/31/2024,3,7,16,11,0,1,157.61
1108,7/31/2024,1,1,17,183,2,1,2976.87
1109,8/1/2024,3,5,12,252,9,16,191.75
1110,8/1/2024,5,2,8,329,9,2,777.53
1111,8/1/2024,3,5,1,197,2,20,159.19
1112,8/1/2024,3,9,1,1162,4,18,76.15
1113,8/1/2024,2,6,19,137,4,17,111.18
1114,8/2/2024,1,7,2,16,0,6,248.24
1115,8/2/2024,3,5,11,178,2,3,146.92
1116,8/2/2024,4,10,12,150,5,15,908.71
1117,8/2/2024,4,10,8,220,5,13,1312.36
1118,8/2/2024,2,8,9,892,1,16,115.65
1119,8/2/2024,5,3,7,4,0,4,287.98
1120,8/2/2024,4,1,6,174,3,9,2805.96
1121,8/3/2024,5,2,2,451,10,4,1057.29
1122,8/3/2024,5,2,5,500,15,12,1157.42
1123,8/3/2024,2,8,19,599,2,1,69.31
1124,8/3/2024,5,3,10,4,0,6,272.02
1125,8/3/2024,3,9,20,926,11,15,58.08
1126,8/4/2024,3,7,20,15,0,5,202.59
1127,8/4/2024,1,7,18,16,0,9,253.92
1128,8/4/2024,1,4,14,299,8,3,1321.89
1129,8/4/2024,1,7,8,16,0,20,255.42
1130,8/5/2024,3,5,14,251,7,20,178.03
1131,8/5/2024,1,1,5,176,5,15,2844.06
1132,8/5/2024,2,8,16,744,16,6,59.57
1133,8/6/2024,4,1,6,161,2,16,2625.08
1134,8/6/2024,2,6,8,154,7,19,104.94
1135,8/6/2024,4,10,4,192,5,5,1136.59
1136,8/7/2024,1,4,13,369,4,15,1614.29
1137,8/7/2024,2,2,10,369,6,17,884.72
1138,8/7/2024,3,9,11,880,4,1,39.13
1139,8/7/2024,2,6,2,109,4,6,92.31
1140,8/7/2024,1,7,20,13,0,12,185.71
1141,8/8/2024,3,9,3,1082,12,5,69.17
1142,8/8/2024,4,1,10,141,2,1,2300.62
1143,8/8/2024,5,2,17,379,4,7,893.61
1144,8/8/2024,2,2,9,537,7,8,1259.13
1145,8/8/2024,1,1,17,186,2,322,3267.79
1146,8/9/2024,1,7,19,16,0,10,235.01
1147,8/9/2024,1,4,9,296,4,12,1289.25
1148,8/9/2024,1,1,14,154,4,7,2494.9
1149,8/9/2024,4,10,12,247,9,0,1446.14
1150,8/10/2024,4,10,16,209,6,2,1217.17
1151,8/10/2024,2,2,16,410,12,16,974.22
1152,8/10/2024,5,2,2,436,9,4,995.66
1153,8/10/2024,5,3,1,4,0,15,274.52
1154,8/11/2024,3,7,16,15,0,3,216.93
1155,8/11/2024,1,4,5,323,10,14,1428.74
1156,8/11/2024,1,1,14,149,4,17,2424.33
1157,8/11/2024,1,4,4,292,8,16,1276.7
1158,8/12/2024,5,2,5,331,11,11,784.33
1159,8/12/2024,3,7,15,13,0,4,182.27
1160,8/12/2024,4,1,11,146,1,9,2381.26
1161,8/12/2024,2,8,4,811,12,5,65.33
1162,8/12/2024,5,2,12,583,21,13,1355.53
1163,8/13/2024,3,9,13,1254,3,18,55.58
1164,8/13/2024,2,6,6,111,4,12,79.98
1165,8/13/2024,5,3,20,5,0,6,318.45
1166,8/13/2024,5,2,5,225,6,14,544.47
1167,8/13/2024,4,10,10,200,3,12,1197.85
1168,8/14/2024,3,9,11,1067,8,20,80.68
1169,8/14/2024,2,6,18,114,3,13,94.93
1170,8/14/2024,2,2,12,372,14,6,867.1
1171,8/14/2024,2,8,1,702,0,10,63.88
1172,8/14/2024,3,7,17,19,0,15,275.43
1173,8/15/2024,3,9,2,995,16,3,33.83
1174,8/15/2024,1,7,5,15,0,3,202.14
1175,8/15/2024,1,4,4,338,10,0,1459.81
1176,8/15/2024,3,9,6,1252,15,12,61.3
1177,8/15/2024,1,1,7,175,5,14,2822.98
1178,8/16/2024,2,8,17,748,4,9,73.03
1179,8/16/2024,3,5,11,236,3,2,157.85
1180,8/16/2024,1,1,3,120,2,0,1938.7
1181,8/16/2024,3,7,3,12,0,4,175.62
1182,8/16/2024,4,10,6,173,3,8,1046.49
1183,8/16/2024,2,6,9,128,4,11,104.09
1184,8/16/2024,5,3,6,4,0,11,284.64
1185,8/17/2024,2,6,17,126,4,6,78.68
1186,8/17/2024,4,10,2,244,6,14,1447.67
1187,8/17/2024,3,9,13,1412,1,11,81.81
1188,8/17/2024,1,1,14,148,4,11,2399.05
1189,8/17/2024,4,1,1,143,1,12,2326.54
1190,8/18/2024,3,9,12,1050,28,164,192.73
1191,8/18/2024,5,2,14,389,11,5,909.74
1192,8/18/2024,3,9,17,1074,3,2,45.45
1193,8/18/2024,2,6,15,114,5,5,74.5
1194,8/19/2024,2,2,7,376,10,11,865
1195,8/19/2024,2,6,4,117,5,12,102.58
1196,8/19/2024,2,2,13,441,5,295,1265.05
1197,8/20/2024,1,1,20,133,3,0,2162.42
1198,8/20/2024,4,1,8,132,3,10,2145.36
1199,8/20/2024,2,6,5,109,5,260,271.51
1200,8/20/2024,4,1,15,168,4,12,2739.74
1201,8/20/2024,1,1,11,120,2,250,2146.9
1202,8/20/2024,1,4,14,249,7,14,1099.53
1203,8/20/2024,4,10,18,171,2,2,1000.87
1204,8/21/2024,5,3,7,5,0,14,332.47
1205,8/21/2024,1,4,15,207,5,10,924.75
1206,8/21/2024,1,7,9,13,0,20,189.92
1207,8/21/2024,1,4,2,303,6,4,1330.02
1208,8/21/2024,4,10,9,185,2,16,1109.31
1209,8/22/2024,1,4,12,392,13,2,1691.11
1210,8/22/2024,3,7,13,12,0,13,209.01
1211,8/22/2024,2,8,9,839,4,338,349.66
1212,8/23/2024,3,9,6,825,8,9,44.61
1213,8/23/2024,4,1,1,181,1,20,2934.73
1214,8/23/2024,2,2,1,427,5,19,1019.03
1215,8/23/2024,5,3,20,4,0,219,437.99
1216,8/23/2024,4,1,15,177,4,12,2861.83
1217,8/23/2024,1,7,19,15,0,11,218.46
1218,8/24/2024,4,10,1,157,2,13,962.98
1219,8/24/2024,1,4,18,279,3,3,1202.03
1220,8/24/2024,2,2,4,408,10,12,959.6
1221,8/24/2024,3,5,14,285,9,20,227.47
1222,8/24/2024,3,9,18,1010,3,9,70.45
1223,8/25/2024,2,2,13,353,3,5,835.58
1224,8/25/2024,1,4,19,280,4,19,1235.33
1225,8/25/2024,1,7,19,14,0,2,224.67
1226,8/25/2024,1,7,20,19,0,5,269.81
1227,8/25/2024,2,2,16,374,12,14,881.07
1228,8/25/2024,5,3,8,5,0,5,323.79
1229,8/26/2024,1,7,2,16,0,12,222.41
1230,8/26/2024,4,10,18,216,2,1,1264.52
1231,8/26/2024,4,1,12,96,3,3,1552.54
1232,8/27/2024,5,2,6,359,6,15,838.15
1233,8/27/2024,1,4,3,288,6,10,1253.81
1234,8/27/2024,4,10,15,223,5,4,1316.32
1235,8/27/2024,1,1,12,158,5,18,2577.76
1236,8/27/2024,4,10,10,151,2,7,884.97
1237,8/28/2024,5,3,5,5,0,16,339.03
1238,8/28/2024,5,2,12,435,16,12,1032.97
1239,8/28/2024,4,1,17,148,1,2,2393.29
1240,8/28/2024,3,5,8,192,5,6,144.26
1241,8/29/2024,5,2,17,385,5,16,891.74
1242,8/29/2024,5,2,2,388,8,5,914.59
1243,8/29/2024,2,2,15,366,10,2,871.35
1244,8/29/2024,2,8,10,682,4,14,66.05
1245,8/29/2024,1,4,3,273,5,17,1207.43
1246,8/29/2024,5,3,10,5,0,14,352.3
1247,8/30/2024,5,3,1,4,0,10,278.29
1248,8/30/2024,5,3,10,4,0,16,275.15
1249,8/30/2024,4,1,6,149,3,5,2405.15
1250,8/30/2024,4,10,4,239,6,5,1395.99
1251,8/31/2024,2,2,10,400,6,9,954.3
1252,8/31/2024,2,8,5,755,16,5,83.7
1253,8/31/2024,2,6,17,160,5,15,127.37
1254,9/1/2024,3,5,10,233,4,13,182.73
1255,9/1/2024,4,1,13,120,1,14,1971.88
1256,9/1/2024,1,7,7,11,0,10,172.6
1257,9/1/2024,4,10,18,203,2,8,1187.92
1258,9/1/2024,2,2,11,599,11,12,1394.86
1259,9/2/2024,2,6,20,122,5,17,90.23
1260,9/2/2024,3,5,16,199,5,4,156.19
1261,9/2/2024,5,2,18,343,4,8,810.42
1262,9/2/2024,3,9,1,1317,4,11,81.34
1263,9/2/2024,4,1,6,141,2,8,2282.61
1264,9/2/2024,1,1,4,159,4,16,2569.21
1265,9/3/2024,3,5,19,245,3,17,190.28
1266,9/3/2024,5,3,3,5,0,17,329.93
1267,9/3/2024,5,2,19,511,9,13,1202.86
1268,9/3/2024,4,10,5,208,6,16,1250.04
1269,9/3/2024,4,1,13,152,2,160,2582.9
1270,9/3/2024,2,6,8,131,6,6,101.27
1271,9/3/2024,5,3,19,4,0,1,281.98
1272,9/4/2024,3,5,11,262,3,7,210.25
1273,9/4/2024,2,6,1,108,3,6,75.92
1274,9/4/2024,4,10,13,132,1,5,793.27
1275,9/4/2024,5,2,6,430,8,10,1002.11
1276,9/4/2024,2,2,17,380,4,0,880.2
1277,9/4/2024,4,10,4,230,6,2,1360.12
1278,9/4/2024,4,10,1,232,2,4,1381.1
1279,9/5/2024,5,2,5,402,12,350,1226.6
1280,9/5/2024,3,7,20,14,0,4,217.88
1281,9/5/2024,2,6,4,104,4,19,82.24
1282,9/5/2024,1,4,1,243,3,5,1050.75
1283,9/6/2024,2,2,14,249,8,4,607.73
1284,9/6/2024,1,4,16,275,7,11,1225.83
1285,9/6/2024,1,4,16,269,7,7,1185.22
1286,9/6/2024,1,7,13,12,0,9,180.35
1287,9/6/2024,4,10,5,185,5,1,1104.47
1288,9/7/2024,1,1,6,166,3,291,2918.15
1289,9/7/2024,3,5,19,245,3,20,203.74
1290,9/7/2024,3,7,6,10,0,3,164.12
1291,9/7/2024,3,9,9,822,3,4,33.42
1292,9/7/2024,4,1,4,152,4,13,2474.53
1293,9/7/2024,1,7,6,8,0,7,146.64
1294,9/8/2024,3,9,20,1164,16,317,301.39
1295,9/8/2024,2,8,17,718,3,19,77.33
1296,9/8/2024,2,8,20,780,8,12,78.26
1297,9/8/2024,5,3,16,4,0,173,416.73
1298,9/9/2024,2,8,20,820,12,15,104.1
1299,9/9/2024,2,6,6,127,4,2,74.63
1300,9/9/2024,3,5,13,238,3,105,257.62
1301,9/9/2024,5,2,20,391,8,19,923.12
1302,9/9/2024,1,7,11,12,0,15,202.34
1303,9/10/2024,5,2,3,415,10,13,971.02
1304,9/10/2024,1,4,9,386,5,8,1696.22
1305,9/10/2024,1,1,4,165,4,13,2687.03
1306,9/10/2024,1,7,16,16,0,12,221.28
1307,9/11/2024,5,2,19,335,5,12,802.08
1308,9/11/2024,1,4,15,363,9,20,1598.53
1309,9/11/2024,4,1,7,152,4,13,2484.48
1310,9/12/2024,3,7,12,11,0,20,174.03
1311,9/12/2024,2,2,18,461,5,11,1087.29
1312,9/12/2024,2,6,3,106,4,7,73.31
1313,9/12/2024,3,5,3,263,5,12,185.49
1314,9/12/2024,4,10,11,189,3,20,1135.17
1315,9/12/2024,5,2,13,413,3,12,982.94
1316,9/13/2024,3,9,12,662,16,9,54.98
1317,9/13/2024,1,4,8,295,7,8,1271.2
1318,9/13/2024,2,8,8,732,12,0,65.79
1319,9/13/2024,1,7,16,17,0,13,240.34
1320,9/14/2024,5,3,19,6,0,8,393.65
1321,9/14/2024,3,5,11,252,4,7,198.62
1322,9/14/2024,5,2,4,401,10,19,936.56
1323,9/14/2024,3,9,18,1106,2,14,68.07
1324,9/14/2024,4,10,3,206,3,4,1200.25
1325,9/14/2024,3,5,9,335,5,15,240.23
1326,9/14/2024,2,6,7,127,6,7,92.37
1327,9/15/2024,4,1,18,164,1,256,2868.02
1328,9/15/2024,2,2,20,380,8,12,906.8
1329,9/15/2024,4,10,5,221,6,13,1326.31
1330,9/15/2024,4,1,6,138,2,2,2233.19
1331,9/15/2024,1,7,9,14,0,0,198.07
1332,9/15/2024,3,5,19,278,5,19,211.93
1333,9/15/2024,5,2,12,343,12,5,806.04
1334,9/16/2024,1,7,2,16,0,3,226.36
1335,9/16/2024,2,8,17,723,1,19,105.38
1336,9/16/2024,4,10,15,170,4,15,1007.03
1337,9/16/2024,4,1,12,145,5,18,2348.35
1338,9/16/2024,5,2,11,497,8,17,1167.58
1339,9/16/2024,3,7,5,14,0,13,210.48
1340,9/17/2024,1,4,4,273,7,9,1208.28
1341,9/17/2024,1,7,2,13,0,18,208.61
1342,9/17/2024,3,9,2,1009,12,17,45.88
1343,9/17/2024,4,1,17,133,2,5,2177.69
1344,9/17/2024,3,5,7,249,7,240,359.64
1345,9/17/2024,1,4,1,391,5,5,1715.23
1346,9/18/2024,3,7,2,11,0,13,185.12
1347,9/18/2024,3,5,9,244,3,6,193.87
1348,9/18/2024,4,10,20,138,2,5,843.59
1349,9/18/2024,4,1,6,151,3,12,2446.99
1350,9/19/2024,3,9,9,1260,5,1,54.76
1351,9/19/2024,1,1,8,120,2,2,1941.27
1352,9/19/2024,5,3,15,5,0,16,353.47
1353,9/19/2024,2,2,11,368,5,1,854.45
1354,9/19/2024,2,6,17,92,3,2,84.44
1355,9/20/2024,5,3,18,4,0,2,268
1356,9/20/2024,5,2,20,482,11,98,1200.27
1357,9/20/2024,1,4,1,325,4,7,1427.34
1358,9/20/2024,1,7,18,15,0,7,230.42
1359,9/20/2024,5,3,12,4,0,7,261.38
1360,9/20/2024,2,6,9,138,4,4,73.55
1361,9/20/2024,4,1,13,111,1,13,1814.82
1362,9/21/2024,4,10,15,189,4,6,1111.39
1363,9/21/2024,2,8,7,891,17,13,88.85
1364,9/21/2024,3,5,13,263,3,19,199.48
1365,9/21/2024,2,2,11,406,6,5,965.23
1366,9/21/2024,1,7,7,13,0,18,217.67
1367,9/21/2024,4,1,5,143,4,15,2322.65
1368,9/22/2024,5,2,4,432,10,1,996.06
1369,9/22/2024,1,4,12,273,9,11,1203.98
1370,9/22/2024,3,9,15,978,14,17,49.55
1371,9/22/2024,2,2,14,378,11,8,894.5
1372,9/22/2024,2,2,5,394,13,11,942.54
1373,9/22/2024,5,2,15,506,14,11,1160.06
1374,9/22/2024,2,8,10,839,6,11,93.25
1375,9/23/2024,1,7,19,14,0,8,230.68
1376,9/23/2024,1,4,11,270,4,1,1169.21
1377,9/23/2024,4,1,11,152,2,18,2457.17
1378,9/23/2024,4,1,16,145,4,10,2352.67
1379,9/23/2024,5,3,14,5,0,6,334.35
1380,9/23/2024,3,5,15,265,6,4,204.45
1381,9/24/2024,2,2,6,384,8,2,875.99
1382,9/24/2024,1,7,11,18,0,14,271.44
1383,9/24/2024,3,9,4,1030,16,2,39.62
1384,9/25/2024,1,4,8,220,5,6,968.84
1385,9/25/2024,2,8,16,826,15,1,78.06
1386,9/25/2024,5,2,3,358,7,6,848.3
1387,9/26/2024,2,2,11,434,6,9,1017.76
1388,9/26/2024,5,3,7,4,0,20,301.62
1389,9/26/2024,3,7,6,12,0,2,188.56
1390,9/27/2024,1,7,3,11,0,19,189.83
1391,9/27/2024,1,7,9,16,0,11,238.79
1392,9/27/2024,4,10,18,204,2,14,1207.17
1393,9/27/2024,4,10,15,197,5,0,1177.68
1394,9/27/2024,3,7,5,14,0,5,195.04
1395,9/27/2024,2,2,4,305,8,15,723.94
1396,9/28/2024,5,3,8,3,0,5,213.49
1397,9/28/2024,1,4,4,250,6,7,1098.85
1398,9/28/2024,4,1,14,141,4,9,2300.56
1399,9/28/2024,4,1,20,130,3,4,2107.98
1400,9/28/2024,4,1,1,146,1,7,2388.01
1401,9/29/2024,4,10,18,160,2,10,969.26
1402,9/29/2024,5,2,19,460,6,0,1057.54
1403,9/29/2024,1,4,5,310,9,8,1336.58
1404,9/29/2024,4,1,9,162,2,7,2632.92
1405,9/29/2024,3,7,20,14,0,10,217.19
1406,9/30/2024,2,8,7,860,18,12,88.12
1407,9/30/2024,1,4,9,267,2,13,1158.3
1408,9/30/2024,4,1,15,160,4,3,2609.88
1409,9/30/2024,4,10,7,219,6,0,1274.21
1410,9/30/2024,3,9,16,950,20,20,62.37
1411,9/30/2024,3,7,6,10,0,18,179.66
1412,9/30/2024,1,7,2,18,0,4,244.26
1413,10/1/2024,2,8,8,668,10,10,88.11
1414,10/1/2024,4,10,18,161,2,17,982.26
1415,10/1/2024,2,6,6,110,4,1,83.27
1416,10/1/2024,2,6,2,103,4,12,64.15
1417,10/1/2024,3,7,1,17,0,346,500.74
1418,10/1/2024,2,8,16,826,18,6,70.45
1419,10/1/2024,1,7,20,13,0,6,207.47
1420,10/2/2024,3,5,11,292,4,14,220.53
1421,10/2/2024,5,3,7,6,0,18,413.83
1422,10/2/2024,3,9,7,962,19,8,44.31
1423,10/2/2024,1,4,1,273,3,12,1208.65
1424,10/2/2024,4,10,20,197,5,7,1151.46
1425,10/3/2024,1,1,20,142,3,11,2299.41
1426,10/3/2024,2,6,12,97,5,3,65.71
1427,10/3/2024,3,7,7,10,0,15,153.98
1428,10/4/2024,1,7,8,13,0,0,200.62
1429,10/4/2024,4,1,5,131,4,266,2352.02
1430,10/4/2024,4,1,1,153,1,8,2492.8
1431,10/5/2024,2,6,1,88,2,1,83.14
1432,10/5/2024,4,10,8,243,6,11,1434.3
1433,10/5/2024,4,1,12,159,6,20,2583.87
1434,10/5/2024,2,8,13,864,2,17,91.75
1435,10/5/2024,4,1,20,138,3,14,2259.35
1436,10/5/2024,2,2,11,404,6,17,957.91
1437,10/6/2024,5,2,7,455,14,16,1068.31
1438,10/6/2024,5,2,19,420,6,10,982.57
1439,10/6/2024,3,9,12,1020,29,18,58.85
1440,10/6/2024,4,1,8,159,4,6,2587.45
1441,10/7/2024,1,4,5,238,7,20,1041.36
1442,10/7/2024,2,2,1,255,2,3,603.03
1443,10/7/2024,3,9,13,935,0,15,66.11
1444,10/7/2024,5,2,16,498,14,15,1176.95
1445,10/7/2024,4,1,14,169,4,15,2765.79
1446,10/7/2024,4,1,16,160,4,7,2604.57
1447,10/7/2024,1,4,13,325,4,203,1575.76
1448,10/8/2024,2,8,14,859,14,2,83.22
1449,10/8/2024,4,10,19,123,2,344,997.16
1450,10/8/2024,5,3,6,5,0,10,335.07
1451,10/8/2024,2,2,7,397,11,20,955.47
1452,10/8/2024,4,1,10,131,2,7,2140.15
1453,10/8/2024,1,1,6,189,3,13,3045.22
1454,10/9/2024,3,9,18,807,2,13,39.22
1455,10/9/2024,1,4,12,296,10,4,1276.04
1456,10/9/2024,2,2,19,359,6,17,841.87
1457,10/9/2024,1,7,6,15,0,9,210.03
1458,10/9/2024,4,1,12,105,4,115,1794.78
1459,10/9/2024,2,6,7,101,5,12,84.65
1460,10/9/2024,5,2,5,520,15,15,1212.54
1461,10/10/2024,5,2,8,422,11,8,982.16
1462,10/10/2024,4,1,11,139,2,4,2256.37
1463,10/10/2024,5,3,6,4,0,352,532.84
1464,10/11/2024,5,2,5,368,12,10,858.14
1465,10/11/2024,5,3,10,5,0,18,352.21
1466,10/11/2024,5,2,16,345,11,19,826.7
1467,10/12/2024,3,7,10,15,0,7,225.74
1468,10/12/2024,3,7,7,17,0,13,259.69
1469,10/12/2024,2,8,5,999,20,17,105.66
1470,10/12/2024,2,6,19,120,4,7,74.83
1471,10/12/2024,3,5,16,236,7,14,184.3
1472,10/13/2024,3,9,3,1029,12,1,70.64
1473,10/13/2024,4,1,16,146,4,1,2348.44
1474,10/13/2024,1,4,4,305,9,13,1324.85
1475,10/13/2024,5,2,1,431,4,19,1017.77
1476,10/14/2024,5,3,8,3,0,12,207.73
1477,10/14/2024,5,2,6,398,8,14,941.08
1478,10/14/2024,2,2,9,346,4,19,837.68
1479,10/14/2024,4,1,8,164,4,19,2679.23
1480,10/14/2024,1,7,9,11,0,10,168.38
1481,10/15/2024,5,3,15,5,0,12,326.34
1482,10/15/2024,4,1,7,137,3,7,2222.78
1483,10/15/2024,4,1,19,117,1,12,1914.47
1484,10/15/2024,3,7,1,14,0,8,205.33
1485,10/15/2024,3,7,9,14,0,19,221.44
1486,10/15/2024,2,2,13,341,3,2,803.47
1487,10/16/2024,1,4,3,302,6,13,1315.04
1488,10/16/2024,2,2,14,359,10,1,841.45
1489,10/16/2024,2,6,18,118,3,145,200.26
1490,10/16/2024,1,1,4,108,3,17,1782.03
1491,10/16/2024,2,2,18,458,5,8,1067.43
1492,10/16/2024,1,7,17,17,0,4,235.38
1493,10/16/2024,5,3,19,5,0,7,322.08
1494,10/17/2024,1,1,13,130,1,12,2121.61
1495,10/17/2024,4,10,17,180,2,8,1072.34
1496,10/17/2024,4,1,17,165,1,233,2870.08
1497,10/17/2024,1,7,14,14,0,0,193.62
1498,10/17/2024,2,6,19,155,5,7,87.17
1499,10/17/2024,2,6,9,119,4,14,76.99
1500,10/17/2024,1,1,5,141,4,20,2316.88
1501,10/18/2024,5,3,12,5,0,15,324.71
1502,10/18/2024,3,5,10,268,3,16,198.45
1503,10/18/2024,4,10,11,228,3,1,1353.85
1504,10/19/2024,1,4,16,289,8,18,1272.89
1505,10/19/2024,2,6,11,128,4,4,98.08
1506,10/19/2024,2,2,20,380,8,4,875.98
1507,10/19/2024,5,2,14,382,12,2,877.64
1508,10/19/2024,1,4,16,328,10,15,1420.57
1509,10/19/2024,4,10,20,218,5,18,1300.24
1510,10/19/2024,3,9,11,1020,8,8,69.05
1511,10/20/2024,2,2,14,397,11,12,914.9
1512,10/20/2024,5,3,9,4,0,7,274.17
1513,10/20/2024,2,2,18,401,5,9,922.7
1514,10/20/2024,2,8,16,646,12,0,62.11
1515,10/21/2024,1,4,8,354,8,7,1531.56
1516,10/21/2024,5,2,11,347,5,2,795.64
1517,10/21/2024,1,1,18,123,2,20,2000.08
1518,10/21/2024,1,1,16,135,4,11,2205.44
1519,10/21/2024,1,1,6,172,2,1,2787.37
1520,10/22/2024,2,6,16,90,4,19,74.83
1521,10/22/2024,1,4,20,332,8,15,1457.26
1522,10/22/2024,3,5,13,317,4,11,247.07
1523,10/22/2024,3,7,13,10,0,10,151.42
1524,10/23/2024,2,8,5,890,22,2,76.3
1525,10/23/2024,3,9,11,1072,6,20,74.17
1526,10/23/2024,5,3,7,6,0,11,381.44
1527,10/23/2024,1,4,13,251,3,10,1102.73
1528,10/23/2024,3,9,14,884,15,10,41.61
1529,10/23/2024,2,2,17,363,5,19,856.87
1530,10/24/2024,1,4,17,272,4,16,1189.74
1531,10/24/2024,4,1,14,188,5,18,3054.28
1532,10/24/2024,5,3,2,4,0,10,291.39
1533,10/25/2024,4,10,10,249,4,0,1462.98
1534,10/25/2024,1,1,15,175,4,0,2830.07
1535,10/25/2024,3,9,2,997,14,3,66.55
1536,10/25/2024,4,10,6,202,4,170,1345.36
1537,10/26/2024,1,1,9,131,1,13,2124.56
1538,10/26/2024,2,6,4,131,6,20,84.42
1539,10/26/2024,2,2,1,515,5,14,1193.45
1540,10/27/2024,5,3,17,3,0,2,205.73
1541,10/27/2024,4,1,18,191,3,2,3074.09
1542,10/27/2024,3,5,17,293,4,20,215.86
1543,10/27/2024,3,7,14,11,0,6,177.14
1544,10/27/2024,4,1,8,174,4,11,2810.76
1545,10/27/2024,1,1,15,121,2,11,1980.75
1546,10/27/2024,4,1,11,182,2,4,2944.14
1547,10/28/2024,5,3,4,5,0,9,338.68
1548,10/28/2024,4,10,2,174,4,10,1052.49
1549,10/28/2024,1,7,12,12,0,190,325.11
1550,10/28/2024,1,1,17,176,2,8,2863.12
1551,10/28/2024,3,5,6,261,4,204,363.46
1552,10/28/2024,5,2,18,450,6,12,1062.19
1553,10/28/2024,1,4,14,252,7,3,1121.36
1554,10/29/2024,1,1,16,145,4,7,2338.88
1555,10/29/2024,2,2,19,423,7,4,971.72
1556,10/29/2024,5,2,14,286,9,17,676.62
1557,10/29/2024,4,1,20,157,3,12,2570.55
1558,10/29/2024,4,10,9,166,2,3,983.12
1559,10/29/2024,2,8,9,893,5,7,74.48
1560,10/29/2024,1,1,8,185,5,6,2985.86
1561,10/30/2024,5,2,7,531,14,6,1227.43
1562,10/30/2024,2,8,4,912,15,8,88.86
1563,10/30/2024,2,8,5,706,17,7,77.56
1564,10/31/2024,4,1,9,118,1,9,1910.83
1565,10/31/2024,3,5,14,282,8,277,414.71
1566,10/31/2024,2,6,7,128,6,5,87.61
1567,10/31/2024,4,1,1,180,2,17,2923.99
1568,10/31/2024,2,2,9,447,6,16,1060.53
1569,11/1/2024,1,1,19,170,2,17,2777.83
1570,11/1/2024,5,2,16,470,14,18,1095.55
1571,11/1/2024,4,1,6,128,2,8,2087.85
1572,11/1/2024,4,10,4,183,5,10,1084.53
1573,11/1/2024,2,8,11,797,5,3,82.83
1574,11/1/2024,2,2,14,447,13,2,1021.45
1575,11/2/2024,4,1,8,161,3,18,2616.77
1576,11/2/2024,3,9,19,1031,4,20,84.15
1577,11/2/2024,2,2,16,442,13,0,1041.55
1578,11/2/2024,4,1,14,150,4,223,2625.79
1579,11/2/2024,4,1,1,158,1,7,2573.1
1580,11/2/2024,2,2,7,355,9,19,829.33
1581,11/2/2024,1,7,7,12,0,13,176.56
1582,11/3/2024,2,6,13,95,3,13,65.12
1583,11/3/2024,2,2,3,360,7,8,854.95
1584,11/3/2024,5,3,15,5,0,19,358.67
1585,11/4/2024,3,7,9,20,0,6,281.03
1586,11/4/2024,4,10,3,153,3,15,917.53
1587,11/4/2024,5,2,2,404,9,1,940.14
1588,11/4/2024,5,2,8,404,10,8,938.68
1589,11/4/2024,2,2,2,350,7,7,831.05
1590,11/4/2024,1,7,5,15,0,10,223.94
1591,11/5/2024,3,5,2,327,8,0,209.55
1592,11/5/2024,2,8,19,779,4,20,87.6
1593,11/5/2024,5,2,5,473,15,16,1112.87
1594,11/5/2024,3,7,6,15,0,2,205.12
1595,11/5/2024,3,9,20,1108,15,14,44.41
1596,11/6/2024,1,1,9,173,2,16,2801.8
1597,11/6/2024,2,6,13,122,3,7,107.08
1598,11/6/2024,3,9,2,807,12,1,49.04
1599,11/6/2024,1,7,16,12,0,0,190.89
1600,11/6/2024,5,2,5,338,9,12,790.21
1601,11/6/2024,5,2,18,307,5,17,752.29
1602,11/6/2024,4,1,17,108,1,12,1758.31
1603,11/7/2024,1,1,13,156,1,9,2529.51
1604,11/7/2024,2,2,8,462,10,8,1059.19
1605,11/7/2024,1,4,10,286,5,7,1259.94
1606,11/7/2024,3,7,18,16,0,0,236.75
1607,11/8/2024,4,10,14,216,6,0,1282.88
1608,11/8/2024,1,4,8,308,7,10,1356.02
1609,11/8/2024,2,6,20,126,5,194,228.3
1610,11/8/2024,2,2,12,333,12,3,777.44
1611,11/8/2024,2,2,4,391,11,1,914.81
1612,11/8/2024,2,2,19,399,6,1,943.85
1613,11/9/2024,1,1,20,170,4,3,2750.87
1614,11/9/2024,5,3,18,5,0,6,347.61
1615,11/9/2024,1,7,4,13,0,16,222.27
1616,11/10/2024,4,10,16,214,6,19,1260.49
1617,11/10/2024,4,1,20,161,3,1,2589.85
1618,11/10/2024,5,2,4,505,14,9,1162.48
1619,11/10/2024,4,10,11,242,4,5,1438.1
1620,11/11/2024,2,8,20,801,10,13,71.53
1621,11/11/2024,3,5,10,198,3,232,339.62
1622,11/11/2024,3,5,16,299,9,16,229.95
1623,11/11/2024,1,7,5,13,0,1,194.11
1624,11/12/2024,3,7,13,12,0,3,200.51
1625,11/12/2024,2,6,11,95,3,18,69.13
1626,11/12/2024,4,10,18,208,2,8,1224.02
1627,11/12/2024,1,1,8,133,3,6,2156.5
1628,11/13/2024,4,1,14,127,3,1,2046.9
1629,11/13/2024,3,7,1,15,0,2,231.23
1630,11/13/2024,3,9,6,983,11,19,73.11
1631,11/13/2024,5,3,20,5,0,17,349.27
1632,11/14/2024,4,1,17,133,1,18,2162.33
1633,11/14/2024,3,9,4,767,15,6,68.27
1634,11/14/2024,2,2,6,270,5,18,654.29
1635,11/14/2024,1,4,20,296,6,0,1293.68
1636,11/14/2024,2,8,7,896,16,19,115.27
1637,11/14/2024,2,8,5,873,16,9,102.7
1638,11/14/2024,3,7,4,15,0,4,216.95
1639,11/15/2024,5,2,14,418,12,11,975.58
1640,11/15/2024,1,1,1,162,1,4,2635.86
1641,11/15/2024,5,3,19,5,0,9,351.19
1642,11/15/2024,3,9,2,651,7,16,53.19
1643,11/15/2024,4,10,3,240,4,6,1427.37
1644,11/16/2024,1,1,3,144,3,20,2354.26
1645,11/16/2024,3,5,15,242,6,18,207.58
1646,11/16/2024,4,1,2,161,3,298,2842.03
1647,11/16/2024,5,3,13,3,0,12,230.12
1648,11/16/2024,4,1,20,195,4,15,3178.91
1649,11/17/2024,2,8,20,848,14,14,81.36
1650,11/17/2024,2,6,12,128,7,3,85.49
1651,11/17/2024,1,4,1,288,3,10,1247.29
1652,11/18/2024,5,3,13,4,0,9,269.48
1653,11/18/2024,5,2,6,455,8,16,1048.27
1654,11/18/2024,1,4,9,282,3,3,1226.83
1655,11/18/2024,5,2,5,399,13,127,1034.91
1656,11/18/2024,4,1,4,156,4,18,2542.25
1657,11/18/2024,4,10,8,122,2,16,731.39
1658,11/19/2024,4,1,11,108,2,346,2036.58
1659,11/19/2024,4,10,4,192,5,7,1155.61
1660,11/19/2024,5,2,1,404,5,20,948.97
1661,11/19/2024,2,2,13,454,4,14,1080.18
1662,11/19/2024,3,7,19,11,0,14,188.9
1663,11/20/2024,5,3,8,4,0,0,288.12
1664,11/20/2024,2,2,11,425,7,19,1010.12
1665,11/20/2024,3,9,10,1054,6,19,66.77
1666,11/21/2024,1,4,12,291,10,1,1275.36
1667,11/21/2024,4,1,12,171,6,15,2765.84
1668,11/21/2024,2,2,20,392,8,20,934.55
1669,11/22/2024,4,10,13,215,2,15,1286.99
1670,11/22/2024,2,2,11,402,7,317,1180.83
1671,11/22/2024,5,2,13,446,6,8,1055.22
1672,11/22/2024,3,7,13,16,0,108,303.12
1673,11/22/2024,5,2,11,449,6,14,1055.19
1674,11/22/2024,2,2,12,486,17,4,1134.04
1675,11/23/2024,3,7,8,16,0,3,226.01
1676,11/23/2024,2,6,3,79,3,5,84.13
1677,11/23/2024,3,7,6,17,0,19,268.97
1678,11/23/2024,3,5,8,241,6,12,202.18
1679,11/23/2024,5,3,1,5,0,8,325.37
1680,11/23/2024,2,6,20,83,3,3,84.23
1681,11/23/2024,5,3,6,3,0,8,228.14
1682,11/24/2024,3,5,13,231,2,10,164.69
1683,11/24/2024,2,8,6,558,6,16,60.18
1684,11/24/2024,4,10,11,121,2,3,719.49
1685,11/25/2024,1,4,6,291,6,18,1282.1
1686,11/25/2024,5,2,20,427,10,4,983.35
1687,11/25/2024,5,3,13,4,0,13,277.04
1688,11/26/2024,5,3,15,5,0,10,338.41
1689,11/26/2024,3,9,11,1103,5,19,58.78
1690,11/26/2024,5,2,10,388,5,1,885.51
1691,11/26/2024,3,7,8,17,0,20,273.59
1692,11/26/2024,1,4,11,287,4,17,1272.88
1693,11/27/2024,3,7,10,17,0,15,240.26
1694,11/27/2024,2,6,15,129,5,4,82.68
1695,11/27/2024,5,2,12,343,13,3,813.63
1696,11/28/2024,1,1,7,183,5,19,2956.9
1697,11/28/2024,4,1,3,151,3,17,2458.13
1698,11/28/2024,1,7,6,16,0,5,245.48
1699,11/28/2024,3,7,15,12,0,15,177.43
1700,11/29/2024,5,2,11,440,7,3,1018.1
1701,11/29/2024,5,2,15,338,8,6,812.33
1702,11/29/2024,5,2,1,378,4,19,884.26
1703,11/29/2024,4,1,4,194,5,20,3142.13
1704,11/30/2024,5,2,8,460,11,18,1093.63
1705,11/30/2024,5,2,11,408,6,20,962.52
1706,11/30/2024,4,1,6,166,3,8,2707.02
1707,11/30/2024,5,3,20,5,0,18,341.95
1708,11/30/2024,2,8,6,785,7,19,91.04
1709,11/30/2024,5,3,4,3,0,17,241.43
1710,11/30/2024,5,2,5,428,14,1,995.72
1711,12/1/2024,1,1,9,169,2,14,2745.94
1712,12/1/2024,5,3,12,5,0,16,337.09
1713,12/1/2024,2,8,18,776,4,1,65.44
1714,12/1/2024,3,7,8,15,0,5,239.66
1715,12/2/2024,1,1,5,156,5,11,2541.36
1716,12/2/2024,1,4,7,295,9,19,1311.88
1717,12/2/2024,1,7,14,16,0,12,221.54
1718,12/2/2024,2,8,5,706,17,14,79.96
1719,12/2/2024,2,2,4,442,11,12,1018.28
1720,12/2/2024,2,2,4,412,10,16,980.2
1721,12/2/2024,2,2,20,432,9,12,1005.09
1722,12/3/2024,1,7,6,13,0,3,180.89
1723,12/3/2024,3,5,4,256,7,0,186.66
1724,12/3/2024,3,5,5,259,7,6,198.23
1725,12/3/2024,3,7,13,17,0,18,260.75
1726,12/3/2024,2,8,19,799,2,3,66.02
1727,12/3/2024,2,6,12,123,7,4,73.96
1728,12/3/2024,1,4,3,357,7,7,1555.15
1729,12/4/2024,1,1,20,158,4,13,2582.88
1730,12/4/2024,1,4,8,343,8,5,1504.86
1731,12/4/2024,1,1,10,120,2,18,1980.97
1732,12/4/2024,4,10,14,229,6,11,1350.43
1733,12/4/2024,4,1,8,89,2,14,1462.57
1734,12/5/2024,1,7,2,20,0,58,338.64
1735,12/5/2024,4,1,4,147,4,13,2393.05
1736,12/5/2024,5,2,17,384,5,3,915.37
1737,12/6/2024,4,1,7,150,4,162,2552.89
1738,12/6/2024,1,4,12,299,11,6,1286.54
1739,12/6/2024,5,3,6,3,0,13,224.25
1740,12/7/2024,1,1,4,153,4,6,2487.08
1741,12/7/2024,2,6,9,117,3,168,227.35
1742,12/7/2024,4,1,2,126,2,10,2059.07
1743,12/7/2024,1,1,4,107,3,8,1729.89
1744,12/7/2024,3,9,8,1192,15,20,77.7
1745,12/7/2024,5,2,11,400,5,15,959.17
1746,12/8/2024,5,3,8,5,0,13,335.69
1747,12/8/2024,5,3,4,4,0,9,295.3
1748,12/8/2024,4,10,19,184,2,5,1080.44
1749,12/8/2024,5,3,19,5,0,2,340.06
1750,12/8/2024,3,5,14,220,6,17,189.37
1751,12/8/2024,1,1,14,156,4,3,2542.38
1752,12/9/2024,1,1,12,178,6,18,2890.34
1753,12/9/2024,2,2,3,451,10,16,1038.77
1754,12/9/2024,1,7,13,17,0,14,271.57
1755,12/9/2024,3,9,17,1079,7,11,57.89
1756,12/9/2024,1,7,6,15,0,5,235.18
1757,12/9/2024,4,1,10,154,2,5,2498.44
1758,12/9/2024,4,10,6,208,4,12,1238.74
1759,12/10/2024,1,4,2,308,6,2,1352.2
1760,12/10/2024,4,1,12,144,5,15,2337.36
1761,12/10/2024,5,2,11,435,7,20,1020.68
1762,12/10/2024,3,9,2,1072,15,7,65.85
1763,12/10/2024,5,3,1,4,0,4,275.63
1764,12/10/2024,1,4,5,308,10,17,1337.6
1765,12/11/2024,5,2,9,407,5,13,941.65
1766,12/11/2024,3,7,16,15,0,77,262.67
1767,12/11/2024,1,1,4,163,4,19,2658.8
1768,12/11/2024,2,2,14,348,10,10,808.46
1769,12/11/2024,2,2,9,362,4,0,860.9
1770,12/11/2024,3,7,10,14,0,20,202.26
1771,12/11/2024,2,8,10,580,3,15,87.02
1772,12/12/2024,1,7,5,16,0,1,232.67
1773,12/12/2024,1,4,15,330,8,13,1443.58
1774,12/12/2024,1,1,11,208,3,17,3368.49
1775,12/12/2024,5,2,19,371,5,12,877.04
1776,12/12/2024,1,4,11,266,4,15,1192.29
1777,12/12/2024,2,8,13,648,0,7,87.78
1778,12/13/2024,5,3,7,4,0,3,272.99
1779,12/13/2024,3,7,12,15,0,338,479.95
1780,12/13/2024,2,6,17,148,4,10,112.47
1781,12/13/2024,3,5,1,161,1,17,155.9
1782,12/13/2024,5,3,10,4,0,7,289.88
1783,12/13/2024,3,7,13,16,0,1,215.14
1784,12/13/2024,3,9,20,867,10,5,69.87
1785,12/14/2024,4,10,16,188,5,59,1142.35
1786,12/14/2024,2,6,4,82,4,0,75.27
1787,12/14/2024,5,2,4,394,10,17,915.21
1788,12/14/2024,1,1,19,213,3,0,3455.24
1789,12/14/2024,3,7,5,18,0,13,248.45
1790,12/14/2024,1,1,2,134,3,10,2171.12
1791,12/15/2024,5,3,18,3,0,11,238.14
1792,12/15/2024,5,2,10,283,4,10,689.9
1793,12/15/2024,3,7,2,12,0,4,197.99
1794,12/15/2024,1,1,5,164,5,15,2673.29
1795,12/15/2024,5,2,15,371,10,9,877.75
1796,12/16/2024,4,1,1,154,2,11,2511.37
1797,12/16/2024,5,2,3,417,8,213,1147.24
1798,12/16/2024,2,2,13,454,4,16,1077.49
1799,12/16/2024,3,9,8,943,13,98,127.85
1800,12/17/2024,4,10,17,226,2,11,1328.77
1801,12/17/2024,4,1,18,125,1,353,2317.18
1802,12/17/2024,4,1,1,165,2,10,2667.64
1803,12/17/2024,5,2,5,495,15,17,1166.76
1804,12/17/2024,5,3,19,5,0,19,327.64
1805,12/17/2024,3,7,19,19,0,4,260.85
1806,12/18/2024,1,1,20,192,4,4,3121.38
1807,12/18/2024,5,2,19,389,5,4,927.48
1808,12/18/2024,5,3,1,4,0,5,274.68
1809,12/18/2024,5,2,19,407,5,104,1009.55
1810,12/19/2024,2,2,1,305,3,1,733.45
1811,12/19/2024,5,3,13,3,0,12,231.47
1812,12/19/2024,3,5,8,286,7,2,206.79
1813,12/19/2024,1,4,9,275,4,6,1196.14
1814,12/20/2024,5,3,4,5,0,8,354.14
1815,12/20/2024,5,3,15,5,0,266,561.7
1816,12/20/2024,4,10,9,290,3,2,1707.26
1817,12/20/2024,2,6,1,140,4,18,94.65
1818,12/20/2024,5,3,2,5,0,13,337.19
1819,12/20/2024,2,6,18,96,3,5,70.34
1820,12/21/2024,1,7,8,15,0,3,218.8
1821,12/21/2024,4,1,12,145,5,12,2340.53
1822,12/21/2024,5,2,5,376,13,20,892.88
1823,12/21/2024,5,2,13,405,5,11,967.43
1824,12/21/2024,1,4,12,281,11,14,1227.08
1825,12/21/2024,1,7,5,14,0,322,469.52
1826,12/22/2024,2,6,3,128,5,5,74.91
1827,12/22/2024,5,3,11,5,0,8,345.24
1828,12/22/2024,3,7,5,11,0,1,161.06
1829,12/22/2024,5,2,1,441,6,0,1030.66
1830,12/22/2024,1,7,2,12,0,13,181.4
1831,12/22/2024,1,4,6,274,6,5,1198.62
1832,12/22/2024,5,3,9,5,0,8,345.08
1833,12/23/2024,1,1,14,173,5,78,2842.76
1834,12/23/2024,3,9,2,753,12,14,71.7
1835,12/23/2024,1,7,3,13,0,230,365.6
1836,12/23/2024,4,1,19,142,2,0,2320.28
1837,12/24/2024,1,7,19,17,0,20,244.13
1838,12/24/2024,5,3,14,5,0,4,337.01
1839,12/24/2024,3,7,4,13,0,16,222.33
1840,12/24/2024,4,1,10,163,3,2,2621.02
1841,12/24/2024,3,5,5,228,7,5,153.55
1842,12/25/2024,2,8,12,773,23,4,76.41
1843,12/25/2024,1,4,9,365,5,18,1597.57
1844,12/25/2024,3,7,18,15,0,7,218.41
1845,12/25/2024,3,7,5,15,0,8,232.09
1846,12/25/2024,4,10,15,209,5,6,1239.13
1847,12/26/2024,5,2,18,381,5,0,893.89
1848,12/26/2024,5,2,8,374,10,1,879.77
1849,12/26/2024,2,2,1,374,5,8,885.85
1850,12/27/2024,2,2,3,421,10,18,985.94
1851,12/27/2024,1,1,6,158,2,5,2578.26
1852,12/27/2024,3,9,19,831,5,189,179.57
1853,12/28/2024,1,4,7,349,10,18,1534.61
1854,12/28/2024,1,1,3,124,2,0,2002.13
1855,12/28/2024,5,2,1,373,3,1,870.31
1856,12/28/2024,3,5,3,257,6,20,193.67
1857,12/28/2024,5,2,18,339,4,18,800.77
1858,12/28/2024,1,4,13,316,3,17,1368.95
1859,12/29/2024,4,10,16,144,4,16,861.48
1860,12/29/2024,2,8,7,877,16,11,105.9
1861,12/29/2024,1,1,13,149,2,10,2402.32
1862,12/29/2024,2,8,12,704,18,5,67.67
1863,12/29/2024,4,10,6,211,4,4,1235.2
1864,12/29/2024,2,6,11,112,3,321,336.63
1865,12/29/2024,4,10,8,167,4,19,1022.55
1866,12/30/2024,3,7,11,13,0,18,216.38
1867,12/30/2024,4,10,6,192,4,5,1149.89
1868,12/30/2024,2,6,12,114,6,0,86.25
1869,12/30/2024,2,2,15,445,12,141,1141.31
1870,12/30/2024,2,2,20,428,9,3,996.29
1871,12/31/2024,1,7,12,15,0,6,223.72
1872,12/31/2024,3,9,18,738,2,15,43.46
1873,12/31/2024,1,4,18,304,4,7,1326.75
1874,12/31/2024,5,2,3,407,10,18,959.33
1875,12/31/2024,2,8,9,506,3,16,58.68
1876,12/31/2024,4,1,1,111,1,20,1839.06
1877,1/1/2025,2,8,5,918,22,3,70.12
1878,1/1/2025,3,9,20,1181,17,0,38.72
1879,1/1/2025,2,2,9,366,5,4,864.52
1880,1/1/2025,1,1,12,158,6,2,2556.32
1881,1/2/2025,4,10,13,150,2,19,896.93
1882,1/2/2025,4,10,15,123,2,4,751.17
1883,1/2/2025,1,7,6,18,0,197,407.72
1884,1/3/2025,1,1,19,170,2,8,2746.32
1885,1/3/2025,5,3,3,5,0,6,352.36
1886,1/3/2025,4,10,1,200,2,13,1204.06
1887,1/3/2025,4,10,2,179,4,16,1084.22
1888,1/3/2025,3,7,2,13,0,20,189.95
1889,1/3/2025,4,10,7,224,6,13,1322.15
1890,1/3/2025,3,9,20,942,11,4,49.39
1891,1/4/2025,1,4,5,211,6,10,952.38
1892,1/4/2025,5,3,9,5,0,1,332.15
1893,1/4/2025,4,1,20,135,3,19,2208.04
1894,1/5/2025,3,5,7,269,8,9,216.49
1895,1/5/2025,2,6,2,114,4,1,91.61
1896,1/5/2025,2,2,3,433,9,0,999.2
1897,1/5/2025,3,7,15,16,0,15,235.23
1898,1/5/2025,4,10,19,239,4,20,1413.67
1899,1/5/2025,2,6,8,115,5,12,105.72
1900,1/6/2025,5,3,3,4,0,9,272
1901,1/6/2025,5,2,19,292,4,16,683.3
1902,1/6/2025,3,5,13,259,3,12,187.08
1903,1/6/2025,4,1,4,167,4,4,2694.78
1904,1/6/2025,5,2,9,362,5,180,994.53
1905,1/6/2025,5,2,8,435,11,10,1032.2
1906,1/6/2025,2,8,2,783,11,3,97.82
1907,1/7/2025,1,7,4,14,0,3,190.58
1908,1/7/2025,5,3,3,6,0,8,405.96
1909,1/7/2025,2,6,17,132,4,15,80.04
1910,1/8/2025,2,8,6,917,8,4,77.12
1911,1/8/2025,4,10,15,166,4,6,988.02
1912,1/8/2025,1,4,2,311,7,4,1367.5
1913,1/8/2025,5,2,1,469,6,1,1067.5
1914,1/8/2025,2,6,6,127,4,6,73.57
1915,1/8/2025,1,7,10,12,0,6,195.32
1916,1/9/2025,1,4,6,339,6,11,1487.92
1917,1/9/2025,5,3,6,5,0,7,329.36
1918,1/9/2025,3,9,12,893,26,7,61.43
1919,1/9/2025,2,8,20,746,11,7,91.63
1920,1/9/2025,2,2,8,391,9,248,1091.82
1921,1/9/2025,1,7,15,16,0,5,247.19
1922,1/9/2025,2,6,2,95,3,20,100.19
1923,1/10/2025,2,8,18,833,1,20,93.37
1924,1/10/2025,3,9,9,1137,3,4,41.75
1925,1/10/2025,2,8,5,712,16,99,162.1
1926,1/10/2025,3,7,5,18,0,20,285.41
1927,1/10/2025,2,8,12,768,22,10,72.52
1928,1/10/2025,1,4,8,370,10,7,1590.77
1929,1/10/2025,1,7,2,12,0,7,165.85
1930,1/11/2025,2,8,10,961,4,81,141.25
1931,1/11/2025,4,1,13,162,1,18,2649.53
1932,1/11/2025,4,10,13,178,2,2,1049.83
1933,1/11/2025,4,10,3,213,4,2,1259.4
1934,1/11/2025,4,1,19,134,2,15,2198.14
1935,1/12/2025,1,4,6,294,5,20,1295.35
1936,1/12/2025,2,8,3,718,9,19,84.42
1937,1/12/2025,5,3,13,4,0,7,258.8
1938,1/12/2025,5,2,5,389,13,10,921.07
1939,1/13/2025,5,3,18,4,0,20,293.4
1940,1/13/2025,3,5,4,267,7,0,208.35
1941,1/13/2025,5,3,6,4,0,11,292.49
1942,1/13/2025,3,7,13,13,0,9,198.9
1943,1/13/2025,1,1,5,143,4,13,2328.26
1944,1/13/2025,3,9,15,1312,24,6,56.47
1945,1/13/2025,3,7,2,13,0,10,208.46
1946,1/14/2025,2,2,19,417,7,3,985.96
1947,1/14/2025,5,3,5,5,0,234,520.94
1948,1/14/2025,1,1,12,143,5,6,2319.86
1949,1/14/2025,2,2,11,540,9,18,1269.94
1950,1/14/2025,5,3,12,5,0,10,348.15
1951,1/14/2025,3,9,8,933,12,19,48.71
1952,1/15/2025,5,2,20,309,8,14,727.85
1953,1/15/2025,5,3,14,4,0,17,270.45
1954,1/15/2025,2,2,19,369,6,6,884.58
1955,1/15/2025,5,3,4,4,0,18,282.22
1956,1/15/2025,1,7,6,12,0,16,186.71
1957,1/15/2025,3,9,14,936,19,4,33.41
1958,1/15/2025,1,1,10,134,1,4,2186.14
1959,1/16/2025,5,2,1,382,3,14,894.03
1960,1/16/2025,4,10,17,217,2,15,1308.3
1961,1/16/2025,5,3,3,6,0,11,400.9
1962,1/16/2025,2,6,11,115,3,17,87.31
1963,1/17/2025,3,5,7,275,8,7,188.4
1964,1/17/2025,4,10,6,184,3,14,1107.77
1965,1/17/2025,4,10,18,226,3,8,1331.16
1966,1/17/2025,5,2,5,514,16,14,1213.27
1967,1/18/2025,4,10,7,132,4,5,779.48
1968,1/18/2025,5,3,14,4,0,5,261.96
1969,1/18/2025,2,8,5,833,16,12,92.52
1970,1/19/2025,2,2,1,364,3,2,859.96
1971,1/19/2025,1,7,14,16,0,13,226.08
1972,1/19/2025,4,10,11,148,2,6,868.04
1973,1/20/2025,2,8,19,815,4,6,74.53
1974,1/20/2025,2,2,5,407,14,0,929.38
1975,1/20/2025,2,2,5,382,11,20,910.94
1976,1/20/2025,4,10,9,188,3,5,1132.03
1977,1/21/2025,4,10,18,185,2,16,1121.44
1978,1/21/2025,1,1,5,142,4,10,2305.41
1979,1/21/2025,5,3,9,4,0,18,295.18
1980,1/22/2025,2,2,5,327,10,11,793.85
1981,1/22/2025,5,3,20,4,0,19,271.24
1982,1/22/2025,1,7,20,16,0,3,232.16
1983,1/23/2025,2,2,16,341,9,193,937.64
1984,1/23/2025,1,4,6,286,6,20,1256.8
1985,1/23/2025,2,2,1,507,5,9,1175.66
1986,1/23/2025,1,4,17,352,5,0,1516.84
1987,1/24/2025,2,2,12,418,15,19,996.34
1988,1/24/2025,3,5,15,249,7,20,201.72
1989,1/24/2025,2,8,11,775,4,10,96.29
1990,1/25/2025,3,9,5,943,18,0,55.02
1991,1/25/2025,5,2,5,410,12,13,951.63
1992,1/25/2025,2,8,11,686,4,7,75.29
1993,1/25/2025,2,8,14,621,11,5,52.97
1994,1/26/2025,1,4,9,309,4,6,1336.24
1995,1/26/2025,1,1,18,131,2,5,2112.57
1996,1/26/2025,1,1,5,167,5,3,2712.85
1997,1/26/2025,5,2,14,409,13,0,934.41
1998,1/26/2025,5,2,17,359,4,9,854.95
1999,1/26/2025,1,1,13,181,2,10,2934.83
2000,1/27/2025,4,10,13,256,2,4,1493.91
2001,1/27/2025,2,2,20,438,9,77,1058.92
2002,1/27/2025,2,8,9,832,1,16,109.4
2003,1/27/2025,5,2,3,392,7,18,930.78
2004,1/27/2025,5,3,19,5,0,3,341.81
2005,1/27/2025,1,1,8,175,4,5,2842.25
2006,1/28/2025,1,4,7,341,9,3,1461.8
2007,1/28/2025,1,4,6,368,6,5,1615
2008,1/28/2025,5,2,19,429,6,13,992.21
2009,1/29/2025,4,1,8,121,3,16,1983.18
2010,1/29/2025,4,1,7,170,5,20,2750.56
2011,1/29/2025,5,3,6,4,0,3,252.43
2012,1/29/2025,1,1,5,180,5,19,2911.29
2013,1/29/2025,5,2,12,475,18,16,1110.62
2014,1/29/2025,1,4,16,299,8,11,1322.57
2015,1/30/2025,1,7,18,15,0,2,223.95
2016,1/30/2025,4,10,14,215,6,17,1285.58
2017,1/30/2025,5,3,12,5,0,4,341.26
2018,1/30/2025,4,10,13,207,2,3,1208.18
2019,1/31/2025,2,6,20,120,5,7,90.69
2020,1/31/2025,4,1,15,157,4,4,2555.79
2021,1/31/2025,4,10,19,236,4,12,1395.98
2022,1/31/2025,5,2,18,453,6,17,1056.93
2023,1/31/2025,5,3,13,3,0,13,218.88
2024,1/31/2025,3,7,17,17,0,17,240.37
2025,2/1/2025,3,9,18,828,0,20,63.15
2026,2/1/2025,4,1,11,120,1,0,1963.59
2027,2/1/2025,2,6,18,136,4,17,116.49
2028,2/1/2025,5,2,2,374,9,19,890.5
2029,2/1/2025,4,10,4,204,6,273,1432.93
2030,2/1/2025,1,1,1,115,1,12,1863.67
2031,2/2/2025,3,9,7,948,19,6,66.78
2032,2/2/2025,5,3,14,4,0,0,276.15
2033,2/2/2025,5,3,6,4,0,6,271.91
2034,2/2/2025,1,1,8,137,3,19,2241.01
2035,2/2/2025,1,4,16,273,8,12,1212.59
2036,2/2/2025,3,5,10,295,5,10,231.41
2037,2/2/2025,5,3,16,5,0,0,323.27
2038,2/3/2025,3,7,1,13,0,9,207.09
2039,2/3/2025,3,7,20,13,0,7,199.48
2040,2/3/2025,3,5,16,199,5,19,146.85
2041,2/3/2025,2,6,5,132,7,20,120.9
2042,2/4/2025,2,6,9,122,3,10,98.34
2043,2/4/2025,3,9,11,796,3,11,40.32
2044,2/4/2025,3,5,13,200,2,14,143.86
2045,2/4/2025,3,5,17,236,3,15,172.81
2046,2/4/2025,3,9,7,957,18,9,40.83
2047,2/4/2025,4,1,12,160,6,8,2587.98
2048,2/5/2025,2,2,11,343,4,16,803.26
2049,2/5/2025,1,1,7,121,3,13,1993.85
2050,2/5/2025,5,3,17,5,0,134,436.4
2051,2/5/2025,4,1,1,131,1,10,2121.26
2052,2/5/2025,4,10,14,173,5,15,1049.24
2053,2/5/2025,5,2,4,408,11,6,944.5
2054,2/5/2025,4,10,3,221,4,12,1313.9
2055,2/6/2025,3,5,7,273,8,12,208.56
2056,2/6/2025,4,10,11,144,2,63,892.89
2057,2/6/2025,5,3,16,5,0,19,341.58
2058,2/7/2025,3,7,6,15,0,16,222.2
2059,2/7/2025,5,3,19,4,0,15,275.14
2060,2/7/2025,5,3,17,4,0,5,259.74
2061,2/7/2025,4,10,18,254,4,4,1485.67
2062,2/7/2025,5,2,20,476,10,213,1281.42
2063,2/7/2025,5,3,9,6,0,5,394.92
2064,2/7/2025,4,1,3,134,2,10,2192.08
2065,2/8/2025,1,1,19,149,2,18,2408.85
2066,2/8/2025,1,7,20,19,0,5,284.84
2067,2/8/2025,4,10,19,165,2,13,992.56
2068,2/8/2025,2,6,3,131,5,0,95.86
2069,2/8/2025,4,1,11,113,1,3,1843.43
2070,2/8/2025,5,2,1,309,3,10,727.23
2071,2/8/2025,2,8,14,836,18,3,64.27
2072,2/9/2025,1,1,10,129,1,16,2106.65
2073,2/9/2025,4,10,5,219,7,6,1288.18
2074,2/9/2025,5,2,1,428,6,13,987.01
2075,2/9/2025,3,7,8,12,0,18,193.89
2076,2/9/2025,2,6,12,130,7,19,82.15
2077,2/10/2025,5,2,16,397,12,13,953.52
2078,2/10/2025,4,10,1,189,1,8,1113.41
2079,2/10/2025,4,1,2,190,4,10,3083.38
2080,2/10/2025,2,6,18,151,4,1,113.99
2081,2/11/2025,1,1,18,152,2,118,2555.86
2082,2/11/2025,2,6,5,147,7,8,97.01
2083,2/11/2025,5,2,19,376,4,1,873.54
2084,2/12/2025,3,9,20,1105,12,16,66.36
2085,2/12/2025,3,9,17,983,2,3,66.29
2086,2/12/2025,2,6,18,134,4,8,108.88
2087,2/12/2025,1,7,14,14,0,2,206.89
2088,2/12/2025,2,8,16,753,17,7,69.36
2089,2/12/2025,3,7,15,17,0,13,271.67
2090,2/13/2025,5,2,13,348,3,179,938.91
2091,2/13/2025,2,2,3,441,9,0,1012.99
2092,2/13/2025,3,5,1,325,3,5,219.83
2093,2/13/2025,2,8,3,624,7,20,100.38
2094,2/14/2025,3,9,15,1017,15,18,61.01
2095,2/14/2025,2,2,12,313,11,9,722.01
2096,2/14/2025,2,2,14,311,9,201,885.85
2097,2/14/2025,4,1,13,129,1,20,2096.79
2098,2/15/2025,1,1,20,119,2,4,1920
2099,2/15/2025,3,5,14,191,5,94,219.6
2100,2/15/2025,2,6,19,116,3,1,86.27
2101,2/15/2025,2,2,3,312,6,305,974.9
2102,2/16/2025,4,10,5,224,7,13,1340.09
2103,2/16/2025,4,1,19,184,2,7,2975.88
2104,2/16/2025,2,2,10,300,5,4,691.91
2105,2/17/2025,1,1,11,140,2,0,2273.33
2106,2/17/2025,3,9,15,1145,16,6,64.68
2107,2/17/2025,4,10,11,198,3,17,1163.06
2108,2/17/2025,2,6,12,135,7,1,73.43
2109,2/17/2025,1,7,4,16,0,12,259.33
2110,2/17/2025,3,9,20,858,13,16,66.94
2111,2/18/2025,2,6,13,120,3,163,208.93
2112,2/18/2025,5,2,19,260,3,1,597.81
2113,2/18/2025,5,2,13,441,4,10,1049.44
2114,2/18/2025,3,9,9,1003,6,125,134.75
2115,2/19/2025,5,3,11,4,0,78,352.31
2116,2/19/2025,2,8,16,948,21,10,74.94
2117,2/19/2025,2,2,1,402,4,12,942.24
2118,2/19/2025,5,2,20,433,11,3,1002.9
2119,2/19/2025,1,1,19,131,2,4,2136.62
2120,2/19/2025,2,6,19,124,4,49,123.57
2121,2/19/2025,3,7,18,15,0,1,199.22
2122,2/20/2025,5,3,8,4,0,14,264.5
2123,2/20/2025,1,7,3,12,0,8,179.59
2124,2/20/2025,2,8,10,943,6,149,198.74
2125,2/20/2025,2,6,14,115,5,19,84.09
2126,2/20/2025,5,3,13,4,0,115,352.68
2127,2/20/2025,1,1,18,134,1,9,2199.93
2128,2/20/2025,2,6,5,97,5,10,95.42
2129,2/21/2025,2,6,7,116,6,14,71.2
2130,2/21/2025,3,5,6,254,5,3,192.26
2131,2/21/2025,1,7,6,20,0,282,509.66
2132,2/21/2025,2,2,9,392,4,16,910.53
2133,2/21/2025,1,1,3,183,3,4,2963.91
2134,2/21/2025,4,1,12,166,6,8,2684.88
2135,2/22/2025,3,9,6,973,10,0,33.74
2136,2/22/2025,1,4,8,350,8,15,1543.31
2137,2/22/2025,3,5,12,256,9,5,174.13
2138,2/23/2025,1,7,5,18,0,0,255.38
2139,2/23/2025,4,10,12,187,7,13,1129.74
2140,2/23/2025,4,10,20,180,3,1,1071.36
2141,2/23/2025,3,5,2,166,4,18,143.33
2142,2/23/2025,3,5,5,278,8,12,208.31
2143,2/24/2025,2,2,11,452,6,11,1042.35
2144,2/24/2025,3,9,6,793,8,20,74.59
2145,2/24/2025,1,1,20,149,3,14,2415.16
2146,2/25/2025,2,6,8,107,4,16,100.53
2147,2/25/2025,1,7,17,10,0,12,154.99
2148,2/25/2025,1,4,4,270,8,8,1167.19
2149,2/25/2025,2,2,1,334,3,16,791.26
2150,2/25/2025,2,6,5,138,7,1,109.43
2151,2/25/2025,2,2,20,368,9,1,842.01
2152,2/26/2025,1,1,7,165,5,3,2675.99
2153,2/26/2025,4,10,2,216,5,4,1285.62
2154,2/26/2025,3,9,20,1076,15,20,66.19
2155,2/26/2025,5,3,12,6,0,10,386.94
2156,2/26/2025,5,2,4,418,12,0,969.37
2157,2/27/2025,5,2,8,339,8,307,1022.79
2158,2/27/2025,5,3,5,4,0,20,305.51
2159,2/27/2025,3,7,16,17,0,1,241.2
2160,2/27/2025,4,1,1,132,1,17,2150.25
2161,2/27/2025,3,7,17,9,0,5,132.99
2162,2/27/2025,1,4,19,333,5,8,1447.59
2163,2/28/2025,1,4,15,321,8,7,1402.97
2164,2/28/2025,3,9,5,833,17,2,28.44
2165,2/28/2025,1,1,7,175,5,18,2829.88
2166,2/28/2025,5,3,17,4,0,2,284.16
2167,2/28/2025,3,5,2,214,4,11,177.75
2168,2/28/2025,5,3,10,4,0,19,299.7
2169,3/1/2025,3,9,3,844,11,8,69.76
2170,3/1/2025,4,10,5,197,6,3,1157.95
2171,3/1/2025,2,8,11,643,5,2,86.41
2172,3/1/2025,4,10,4,153,4,3,905.8
2173,3/2/2025,2,6,2,163,7,12,89.63
2174,3/2/2025,3,7,14,14,0,1,200.12
2175,3/2/2025,4,1,1,148,1,12,2419.82
2176,3/2/2025,4,1,16,156,4,7,2532.8
2177,3/2/2025,2,6,10,120,4,1,68.28
2178,3/3/2025,3,7,13,16,0,17,244.25
2179,3/3/2025,3,5,15,242,5,12,192.13
2180,3/3/2025,2,6,3,157,7,17,129
2181,3/3/2025,4,10,14,215,5,13,1285.53
2182,3/4/2025,5,2,14,463,15,18,1093.33
2183,3/4/2025,2,2,11,529,7,0,1227.74
2184,3/4/2025,5,2,16,346,9,19,837.85
2185,3/4/2025,4,10,1,169,2,1,1012.02
2186,3/4/2025,5,3,16,5,0,18,352.58
2187,3/4/2025,1,1,17,90,1,4,1471.42
2188,3/5/2025,2,2,6,306,6,2,733.54
2189,3/5/2025,3,9,16,978,19,1,61.54
2190,3/5/2025,2,8,18,762,4,17,78.63
2191,3/5/2025,3,5,4,274,8,18,220.59
2192,3/6/2025,1,4,6,318,6,324,1621.71
2193,3/6/2025,1,4,15,281,7,1,1216.7
2194,3/6/2025,2,2,6,383,7,18,895.11
2195,3/7/2025,4,1,19,134,2,0,2175.6
2196,3/7/2025,5,2,13,439,4,19,1042.09
2197,3/7/2025,5,3,4,5,0,5,353.65
2198,3/8/2025,2,8,3,636,8,20,66.07
2199,3/8/2025,5,3,2,4,0,10,290.96
2200,3/8/2025,4,1,18,158,1,19,2583.16
2201,3/8/2025,5,3,1,5,0,15,361.75
2202,3/8/2025,4,1,6,159,3,19,2571.06
2203,3/8/2025,2,2,12,451,15,18,1075.7
2204,3/9/2025,2,2,6,380,6,130,978.79
2205,3/9/2025,1,1,5,167,5,7,2727.17
2206,3/9/2025,3,7,2,13,0,17,197.49
2207,3/9/2025,2,8,7,869,19,7,83.5
2208,3/9/2025,2,8,14,736,16,8,64.18
2209,3/9/2025,5,2,15,515,13,19,1208
2210,3/9/2025,2,2,4,389,10,8,898.05
2211,3/10/2025,4,1,20,164,3,14,2658.88
2212,3/10/2025,1,7,5,12,0,11,178.08
2213,3/10/2025,4,1,14,168,4,16,2735.98
2214,3/11/2025,3,7,4,16,0,10,252.98
2215,3/11/2025,3,5,7,225,6,10,167.19
2216,3/11/2025,3,5,9,168,1,9,127.51
2217,3/11/2025,1,7,15,14,0,19,239.15
2218,3/11/2025,3,9,9,1109,1,8,63.71
2219,3/11/2025,3,9,18,1183,6,9,71.73
2220,3/12/2025,4,1,14,149,4,7,2429.9
2221,3/12/2025,5,3,12,4,0,1,286.14
2222,3/12/2025,3,9,17,1114,4,17,52.75
2223,3/12/2025,3,9,14,1103,21,16,55.51
2224,3/12/2025,4,1,19,166,3,20,2717
2225,3/12/2025,3,5,19,234,3,0,180.6
2226,3/13/2025,2,6,13,112,3,8,99.23
2227,3/13/2025,1,1,6,164,3,18,2655.4
2228,3/13/2025,1,1,20,163,3,1,2624.18
2229,3/13/2025,4,1,9,155,1,9,2523.08
2230,3/13/2025,1,7,8,15,0,7,217.93
2231,3/13/2025,2,8,20,720,11,18,76.49
2232,3/13/2025,1,7,2,14,0,1,198.61
2233,3/14/2025,4,1,14,144,4,0,2314.59
2234,3/14/2025,3,5,15,221,5,4,180.1
2235,3/14/2025,1,1,7,162,4,8,2619.72
2236,3/14/2025,1,4,10,264,3,9,1143.85
2237,3/14/2025,2,6,6,116,4,13,105.47
2238,3/15/2025,4,1,9,154,2,13,2516.75
2239,3/15/2025,4,10,11,154,2,15,932.29
2240,3/15/2025,5,2,6,374,8,7,874.91
2241,3/16/2025,3,5,16,220,6,6,166.84
2242,3/16/2025,4,10,15,222,5,4,1306.42
2243,3/16/2025,5,2,9,423,5,8,970.68
2244,3/16/2025,1,1,20,137,3,15,2243.68
2245,3/16/2025,3,5,3,240,5,0,187.41
2246,3/17/2025,5,2,16,404,11,20,960.4
2247,3/17/2025,1,4,8,221,5,14,962.5
2248,3/17/2025,4,1,18,177,2,14,2858.45
2249,3/18/2025,2,6,18,133,4,16,94.24
2250,3/18/2025,5,2,2,331,8,3,757.59
2251,3/18/2025,5,3,11,3,0,0,201.6
2252,3/18/2025,2,6,14,133,6,171,221.09
2253,3/18/2025,4,1,7,114,3,12,1862.44
2254,3/18/2025,1,7,5,13,0,18,212.59
2255,3/19/2025,5,2,17,386,5,10,913.55
2256,3/19/2025,1,4,16,345,9,5,1508.11
2257,3/19/2025,5,3,13,6,0,20,398.11
2258,3/20/2025,2,2,15,426,11,12,1005.41
2259,3/20/2025,4,1,14,144,3,128,2439.52
2260,3/20/2025,1,4,7,381,10,19,1647.65
2261,3/20/2025,5,2,16,353,11,6,839.95
2262,3/21/2025,4,1,15,157,3,12,2555.09
2263,3/21/2025,2,2,7,454,14,2,1060.08
2264,3/21/2025,2,6,10,136,5,11,107.6
2265,3/21/2025,5,3,15,4,0,17,281.17
2266,3/22/2025,3,7,20,17,0,16,265
2267,3/22/2025,3,9,8,1265,22,2,55.54
2268,3/22/2025,5,2,14,379,10,20,889.59
2269,3/23/2025,1,4,17,325,5,239,1608.47
2270,3/23/2025,3,9,5,1298,25,274,286.15
2271,3/23/2025,1,4,2,290,6,60,1311.03
2272,3/23/2025,5,2,17,508,8,12,1168.61
2273,3/24/2025,5,3,18,4,0,0,276.42
2274,3/24/2025,1,4,5,303,10,5,1327.41
2275,3/24/2025,4,10,3,152,3,3,915.17
2276,3/24/2025,4,1,6,169,3,16,2732.14
2277,3/25/2025,2,8,4,775,15,13,74.68
2278,3/25/2025,3,7,9,9,0,20,148.62
2279,3/25/2025,5,3,1,6,0,5,400.31
2280,3/26/2025,2,6,20,118,4,18,92.6
2281,3/26/2025,1,1,20,130,2,9,2106.89
2282,3/26/2025,3,5,10,204,3,16,175.36
2283,3/26/2025,5,3,12,5,0,12,352.68
2284,3/26/2025,3,9,18,859,4,15,49.13
2285,3/27/2025,3,9,13,800,1,16,55.11
2286,3/27/2025,5,2,5,381,12,5,876.65
2287,3/27/2025,1,4,6,313,5,19,1360.6
2288,3/27/2025,4,10,13,159,2,5,935.82
2289,3/27/2025,3,7,20,15,0,12,229.34
2290,3/28/2025,4,10,20,195,4,1,1152.98
2291,3/28/2025,3,9,8,869,14,19,45.97
2292,3/28/2025,2,6,1,113,3,12,73.5
2293,3/28/2025,5,2,10,473,8,18,1091.48
2294,3/28/2025,3,5,1,249,3,4,163.93
2295,3/28/2025,5,3,11,5,0,4,325.07
2296,3/29/2025,3,9,5,945,21,13,56.42
2297,3/29/2025,1,7,9,15,0,17,247.95
2298,3/29/2025,1,7,12,14,0,11,203.64
2299,3/30/2025,4,10,14,156,4,4,940.51
2300,3/30/2025,3,5,10,249,3,2,187.27
2301,3/30/2025,4,10,13,199,1,11,1165.53
2302,3/31/2025,1,7,6,13,0,2,197.73
2303,3/31/2025,5,3,7,4,0,8,290.27
2304,3/31/2025,3,9,20,968,16,4,63.54
2305,3/31/2025,3,5,1,273,2,19,191.85
2306,3/31/2025,4,1,18,152,1,8,2449.88
2307,3/31/2025,1,7,12,15,0,93,284.74
2308,4/1/2025,3,7,20,14,0,12,196.48
2309,4/1/2025,4,10,1,123,1,9,729.14
2310,4/1/2025,3,5,8,281,7,17,193.17
2311,4/1/2025,2,8,13,773,3,7,82.53
2312,4/1/2025,5,3,9,5,0,17,324.1
2313,4/1/2025,4,10,6,208,4,13,1244.77
2314,4/2/2025,2,8,8,744,10,19,109.26
2315,4/2/2025,3,7,1,15,0,13,227.4
2316,4/2/2025,5,3,2,5,0,19,328.91
2317,4/2/2025,3,5,3,241,5,17,170.08
2318,4/3/2025,4,1,6,156,3,277,2759.55
2319,4/3/2025,2,2,1,351,4,289,1069.03
2320,4/3/2025,3,9,9,808,5,317,306.92
2321,4/3/2025,2,8,7,629,13,7,76.4
2322,4/4/2025,4,10,14,168,4,18,1005.44
2323,4/4/2025,1,4,8,265,6,15,1180.77
2324,4/4/2025,4,1,7,182,4,1,2938.53
2325,4/4/2025,1,4,13,181,2,16,827.53
2326,4/4/2025,1,7,14,15,0,18,216.63
2327,4/4/2025,2,2,8,416,9,10,960.32
2328,4/5/2025,4,10,19,195,2,20,1180.23
2329,4/5/2025,4,1,2,160,3,14,2595.15
2330,4/5/2025,4,10,11,182,3,1,1070.06
2331,4/5/2025,5,3,10,5,0,20,348.44
2332,4/6/2025,5,3,12,5,0,9,347.68
2333,4/6/2025,4,10,6,246,5,15,1461.16
2334,4/6/2025,1,4,14,287,9,13,1273.76
2335,4/6/2025,3,9,14,963,20,12,39.5
2336,4/6/2025,2,6,3,113,4,0,60.74
2337,4/6/2025,2,8,3,717,7,314,321.82
2338,4/6/2025,1,4,5,264,7,9,1156.89
2339,4/7/2025,1,7,13,14,0,14,219.54
2340,4/7/2025,3,9,15,697,11,12,50.93
2341,4/7/2025,3,9,13,1036,1,7,44.11
2342,4/7/2025,3,9,20,996,14,0,44.89
2343,4/7/2025,4,1,6,199,4,8,3210.17
2344,4/8/2025,1,7,6,11,0,6,186.31
2345,4/8/2025,2,8,20,851,12,12,82.22
2346,4/8/2025,1,1,18,174,2,14,2820.24
2347,4/9/2025,2,6,6,97,3,7,85.66
2348,4/9/2025,3,9,5,846,16,8,60.87
2349,4/9/2025,1,1,14,155,4,9,2502.73
2350,4/9/2025,3,7,3,15,0,292,444.36
2351,4/9/2025,3,5,11,321,4,14,226.74
2352,4/9/2025,5,2,7,406,11,12,964.64
2353,4/9/2025,2,2,5,265,9,4,645.99
2354,4/10/2025,4,10,15,183,4,248,1276.72
2355,4/10/2025,3,9,16,814,14,5,55.24
2356,4/10/2025,3,5,10,293,4,298,435.01
2357,4/10/2025,4,10,12,200,7,0,1193.67
2358,4/10/2025,4,1,1,167,1,11,2716.17
2359,4/10/2025,4,10,14,216,6,15,1289.83
2360,4/11/2025,1,7,7,15,0,8,237.58
2361,4/11/2025,5,2,9,434,5,19,1037.25
2362,4/11/2025,3,5,10,281,4,13,200.86
2363,4/11/2025,2,2,8,385,9,17,922.07
2364,4/12/2025,1,4,20,318,7,5,1371
2365,4/12/2025,2,8,17,860,3,20,84.06
2366,4/12/2025,4,10,17,210,2,4,1257.06
2367,4/13/2025,2,6,17,132,4,9,76
2368,4/13/2025,5,2,13,288,3,9,683.9
2369,4/13/2025,5,3,13,5,0,12,327.31
2370,4/13/2025,5,2,1,392,5,323,1152.77
2371,4/14/2025,4,1,13,146,1,10,2383.3
2372,4/14/2025,5,3,9,4,0,10,288.06
2373,4/14/2025,3,7,12,13,0,313,440.76
2374,4/14/2025,5,3,17,5,0,240,516.12
2375,4/15/2025,1,1,6,109,2,9,1761.4
2376,4/15/2025,2,2,17,379,5,7,901.81
2377,4/15/2025,4,1,3,106,2,197,1896
2378,4/15/2025,3,5,7,251,7,10,197.85
2379,4/15/2025,5,2,1,375,3,18,898.96
2380,4/16/2025,5,3,20,4,0,15,267.4
2381,4/16/2025,3,7,5,15,0,16,210.83
2382,4/16/2025,3,5,15,172,4,9,159.91
2383,4/17/2025,5,3,16,5,0,20,356.45
2384,4/17/2025,1,1,14,138,4,7,2262.38
2385,4/17/2025,3,9,20,1013,16,9,43.6
2386,4/18/2025,1,7,15,16,0,19,239.81
2387,4/18/2025,1,7,10,17,0,4,259.26
2388,4/18/2025,3,9,17,1316,7,18,67.53
2389,4/18/2025,2,8,8,873,14,14,90.38
2390,4/19/2025,3,9,7,840,15,2,43.26
2391,4/19/2025,5,2,15,404,11,11,960.67
2392,4/19/2025,5,3,14,5,0,4,322.62
2393,4/19/2025,4,1,8,156,4,0,2545.23
2394,4/19/2025,2,2,16,443,12,13,1029.8
2395,4/19/2025,3,9,18,1059,5,14,81.76
2396,4/20/2025,3,9,9,970,2,17,64.63
2397,4/20/2025,1,4,7,296,9,19,1285.52
2398,4/20/2025,5,3,12,5,0,12,352.67
2399,4/20/2025,2,8,9,818,1,124,196.66
2400,4/20/2025,4,10,3,155,3,20,948.7
2401,4/20/2025,5,2,11,454,8,18,1071.78
2402,4/20/2025,5,3,4,5,0,15,322.28
2403,4/21/2025,4,1,4,107,2,18,1758.59
2404,4/21/2025,4,1,8,120,3,9,1961.5
2405,4/21/2025,4,1,8,158,4,19,2569.75
2406,4/21/2025,5,2,7,346,9,7,823.69
2407,4/21/2025,2,8,7,677,14,10,76.22
2408,4/21/2025,1,4,5,323,10,7,1409.01
2409,4/22/2025,3,5,10,232,3,9,158.96
2410,4/22/2025,4,1,4,166,4,10,2699.11
2411,4/22/2025,4,1,2,155,4,17,2505.74
2412,4/22/2025,2,2,10,484,7,8,1121.88
2413,4/22/2025,4,10,1,228,3,0,1323.66
2414,4/23/2025,2,8,11,782,4,3,73.52
2415,4/23/2025,4,10,15,212,6,14,1249.54
2416,4/23/2025,5,3,18,5,0,2,324.86
2417,4/23/2025,3,9,10,914,3,11,39.84
2418,4/24/2025,3,9,8,1105,14,6,48.9
2419,4/24/2025,4,10,9,179,2,11,1069.84
2420,4/24/2025,1,7,16,12,0,2,187.42
2421,4/24/2025,3,5,8,276,6,1,204.61
2422,4/24/2025,3,9,7,1263,23,4,62.12
2423,4/25/2025,5,3,10,5,0,3,334.71
2424,4/25/2025,2,6,13,118,3,13,87.97
2425,4/25/2025,1,1,5,172,5,4,2796.94
2426,4/25/2025,2,2,8,342,7,6,813.31
2427,4/26/2025,5,2,14,396,10,14,936.77
2428,4/26/2025,3,5,10,225,3,129,256.65
2429,4/26/2025,3,5,15,229,5,4,185.34
2430,4/26/2025,4,1,4,152,4,2,2466.3
2431,4/26/2025,3,9,13,1276,1,20,58.83
2432,4/26/2025,4,10,9,222,2,17,1313.04
2433,4/27/2025,3,7,3,13,0,12,201.34
2434,4/27/2025,2,8,18,791,1,11,77.3
2435,4/27/2025,1,4,16,206,5,8,919.77
2436,4/27/2025,5,3,17,5,0,49,360.78
2437,4/28/2025,3,7,8,14,0,1,213.73
2438,4/28/2025,3,9,2,1264,14,2,49.86
2439,4/28/2025,1,4,8,288,6,0,1253.44
2440,4/28/2025,5,2,18,395,5,10,923.68
2441,4/28/2025,2,6,15,137,6,4,105.97
2442,4/28/2025,5,2,8,382,10,12,880.43
2443,4/28/2025,2,2,2,334,8,10,805.9
2444,4/29/2025,3,5,6,234,4,12,176.35
2445,4/29/2025,1,1,11,125,2,3,2051.72
2446,4/29/2025,4,10,8,141,3,4,835.07
2447,4/30/2025,3,5,19,179,2,20,134.5
2448,4/30/2025,5,2,3,349,7,18,813.69
2449,4/30/2025,2,8,6,741,9,6,65.59
2450,5/1/2025,3,7,14,16,0,12,231.54
2451,5/1/2025,3,9,15,981,14,13,47.75
2452,5/1/2025,2,8,2,913,11,14,101.45
2453,5/1/2025,4,1,9,163,2,15,2663.22
2454,5/1/2025,3,7,3,14,0,11,226.36
2455,5/1/2025,5,2,9,387,6,7,921.24
2456,5/1/2025,5,2,20,473,10,11,1091.82
2457,5/2/2025,5,3,6,4,0,12,276.97
2458,5/2/2025,3,9,8,905,15,13,43.59
2459,5/2/2025,5,3,8,4,0,12,279.35
2460,5/2/2025,5,2,10,322,4,20,778.41
2461,5/2/2025,4,1,18,174,2,13,2826.34
2462,5/2/2025,5,3,8,5,0,17,329.48
2463,5/3/2025,4,1,20,187,4,13,3016.25
2464,5/3/2025,2,8,17,658,3,14,64.22
2465,5/3/2025,2,2,16,459,13,5,1077.75
2466,5/3/2025,1,1,9,152,2,0,2464.24
2467,5/3/2025,2,6,9,122,4,12,102.8
2468,5/3/2025,5,3,15,4,0,18,304.06
2469,5/3/2025,2,6,10,111,4,3,77.98
2470,5/4/2025,5,3,1,3,0,5,219.68
2471,5/4/2025,4,10,19,194,3,13,1163.18
2472,5/4/2025,5,2,7,355,9,3,817.94
2473,5/4/2025,5,2,4,363,10,18,842.51
2474,5/4/2025,1,1,8,143,3,8,2325.74
2475,5/4/2025,1,4,2,355,8,1,1557.75
2476,5/4/2025,4,10,20,184,4,3,1086.42
2477,5/5/2025,5,2,1,332,4,1,763.82
2478,5/5/2025,5,3,14,5,0,82,410.65
2479,5/5/2025,5,2,8,375,10,16,902.36
2480,5/5/2025,3,7,18,13,0,2,191.12
2481,5/5/2025,4,1,16,145,4,2,2363.23
2482,5/6/2025,2,2,4,412,12,114,1040.34
2483,5/6/2025,4,1,6,187,4,2,3008.37
2484,5/6/2025,5,3,10,5,0,11,338.43
2485,5/7/2025,4,1,20,112,2,300,2054.07
2486,5/7/2025,1,7,13,11,0,4,155.46
2487,5/7/2025,3,5,3,264,5,13,202.67
2488,5/7/2025,4,1,13,112,1,10,1817.02
2489,5/7/2025,4,10,3,160,3,18,966.11
2490,5/8/2025,3,9,17,1166,3,18,87
2491,5/8/2025,5,2,2,370,9,6,861.92
2492,5/8/2025,5,3,5,5,0,4,328.79
2493,5/8/2025,2,8,12,779,21,56,128.07
2494,5/8/2025,1,4,9,261,4,20,1173.48
2495,5/8/2025,4,1,9,138,2,255,2438.37
2496,5/8/2025,5,2,9,329,3,3,757.52
2497,5/9/2025,2,2,5,406,13,17,948.21
2498,5/9/2025,3,5,17,258,2,17,189.12
2499,5/9/2025,5,2,8,340,9,11,810.48
2500,5/9/2025,3,5,11,272,5,268,399.17
2501,5/10/2025,4,1,20,171,3,0,2780.06
2502,5/10/2025,1,4,4,404,11,9,1737.29
2503,5/10/2025,3,5,17,268,4,17,200.8
2504,5/10/2025,4,10,5,203,6,19,1201.38
2505,5/10/2025,4,1,12,148,5,7,2402.19
2506,5/11/2025,1,7,5,19,0,7,285.98
2507,5/11/2025,4,1,11,177,3,11,2874.49
2508,5/11/2025,3,9,1,1015,2,13,64.81
2509,5/11/2025,4,1,10,143,2,0,2313.09
2510,5/11/2025,1,4,11,291,4,14,1293.7
2511,5/11/2025,1,4,11,253,4,17,1101.61
2512,5/11/2025,5,2,5,359,11,12,851.99
2513,5/12/2025,5,3,10,4,0,5,266.92
2514,5/12/2025,1,7,10,15,0,6,214.36
2515,5/12/2025,1,1,9,123,1,12,2011.61
2516,5/12/2025,3,9,11,933,8,12,45.22
2517,5/13/2025,5,3,1,4,0,6,263.66
2518,5/13/2025,2,8,11,851,3,2,75.55
2519,5/13/2025,5,2,17,387,4,19,913.35
2520,5/13/2025,2,8,20,836,9,5,88.17
2521,5/13/2025,2,2,10,320,5,3,746.77
2522,5/13/2025,2,8,6,933,7,0,81.83
2523,5/14/2025,3,5,7,218,6,317,425.61
2524,5/14/2025,3,5,6,211,4,340,418.17
2525,5/14/2025,2,2,12,423,16,0,964.08
2526,5/14/2025,1,1,19,160,2,10,2593.06
2527,5/15/2025,4,1,17,164,2,275,2877.17
2528,5/15/2025,5,2,8,318,7,2,765.59
2529,5/15/2025,4,10,18,219,2,9,1309.96
2530,5/15/2025,4,1,4,132,3,2,2150.4
2531,5/15/2025,4,10,14,216,6,20,1303.85
2532,5/16/2025,1,1,1,163,1,10,2645.07
2533,5/16/2025,1,4,3,361,7,3,1562.28
2534,5/16/2025,5,3,1,4,0,7,261.02
2535,5/16/2025,2,8,16,679,12,12,93.09
2536,5/16/2025,5,3,17,4,0,4,277.45
2537,5/16/2025,2,2,2,392,10,17,928.18
2538,5/17/2025,2,8,3,718,7,16,99.94
2539,5/17/2025,4,1,5,151,4,15,2454.51
2540,5/17/2025,5,2,11,486,6,11,1118.85
2541,5/17/2025,4,10,10,170,3,11,998.84
2542,5/18/2025,4,1,9,139,2,15,2284.01
2543,5/18/2025,3,9,13,807,2,8,53.7
2544,5/18/2025,5,3,19,4,0,11,292.02
2545,5/18/2025,1,4,14,314,10,18,1375.65
2546,5/19/2025,5,3,4,3,0,14,236.23
2547,5/19/2025,4,1,20,170,4,8,2771.06
2548,5/19/2025,1,1,19,123,2,0,1985.44
2549,5/19/2025,2,6,16,160,8,9,121.63
2550,5/19/2025,4,10,5,152,4,14,896.17
2551,5/19/2025,2,8,20,806,11,4,92.53
2552,5/20/2025,4,1,2,140,3,14,2261.67
2553,5/20/2025,2,6,8,154,7,13,93.87
2554,5/20/2025,1,1,5,159,5,8,2591.33
2555,5/20/2025,5,2,7,510,14,16,1176.96
2556,5/21/2025,5,3,16,5,0,10,343.6
2557,5/21/2025,3,9,10,1026,9,8,59.65
2558,5/21/2025,1,1,7,113,3,18,1869.62
2559,5/21/2025,3,5,1,234,2,20,168.8
2560,5/21/2025,1,1,17,171,2,9,2763.41
2561,5/21/2025,1,1,10,127,1,16,2068.4
2562,5/21/2025,2,6,7,122,5,15,86.26
2563,5/22/2025,3,9,2,792,8,16,75.9
2564,5/22/2025,4,10,15,196,4,1,1143.99
2565,5/22/2025,4,1,13,182,2,15,2962.07
2566,5/22/2025,4,1,4,78,2,13,1272.91
2567,5/22/2025,5,3,13,4,0,6,261.19
2568,5/23/2025,4,1,11,171,3,6,2761.02
2569,5/23/2025,5,2,19,376,6,7,876.19
2570,5/23/2025,2,2,19,470,7,12,1093.11
2571,5/24/2025,1,4,16,286,8,8,1269.06
2572,5/24/2025,4,10,20,224,4,6,1309.1
2573,5/24/2025,4,1,16,167,5,8,2701.07
2574,5/24/2025,3,9,2,901,12,13,42.68
2575,5/25/2025,1,7,15,14,0,5,227.01
2576,5/25/2025,4,10,15,200,4,20,1196.16
2577,5/25/2025,4,1,1,147,1,8,2374.03
2578,5/25/2025,3,9,10,974,8,15,75.43
2579,5/26/2025,4,1,20,166,3,19,2698.58
2580,5/26/2025,4,10,15,194,5,16,1172.49
2581,5/26/2025,2,6,9,115,4,4,101.53
2582,5/26/2025,4,10,7,238,7,2,1403.28
2583,5/26/2025,3,5,20,274,6,7,196.85
2584,5/26/2025,1,4,16,353,9,1,1540.86
2585,5/27/2025,1,1,13,146,1,17,2382.47
2586,5/27/2025,2,8,9,947,6,10,86.38
2587,5/27/2025,5,2,12,399,14,12,936.23
2588,5/28/2025,3,7,8,14,0,0,220.06
2589,5/28/2025,1,4,5,341,10,4,1474.87
2590,5/28/2025,5,3,9,6,0,4,384.8
2591,5/29/2025,1,7,5,11,0,12,188.7
2592,5/29/2025,3,5,19,169,2,20,135.52
2593,5/29/2025,1,7,7,17,0,6,242.56
2594,5/30/2025,1,1,2,153,3,0,2490.38
2595,5/30/2025,3,9,2,764,12,8,34.26
2596,5/30/2025,5,2,20,449,10,7,1051.18
2597,5/30/2025,4,10,3,177,3,0,1048.22
2598,5/31/2025,2,2,14,403,13,9,955.14
2599,5/31/2025,3,7,1,15,0,16,221.91
2600,5/31/2025,2,2,18,409,5,19,954.76
2601,6/1/2025,3,9,1,1073,4,3,54.22
2602,6/1/2025,4,10,5,217,7,7,1280.65
2603,6/1/2025,5,3,1,3,0,5,212.4
2604,6/1/2025,4,1,19,127,1,16,2055.25
2605,6/1/2025,2,6,13,98,3,17,101.92
2606,6/1/2025,5,2,15,348,9,3,800.82
2607,6/2/2025,5,3,16,4,0,12,271.46
2608,6/2/2025,5,2,18,347,3,82,893.09
2609,6/2/2025,3,5,15,236,6,4,178.41
2610,6/2/2025,3,7,12,17,0,9,250.72
2611,6/2/2025,1,1,12,155,5,16,2540.72
2612,6/3/2025,4,10,15,232,6,97,1450.84
2613,6/3/2025,2,6,1,92,3,185,203.94
2614,6/3/2025,1,4,20,291,6,12,1263.08
2615,6/3/2025,1,1,16,155,4,5,2530.19
2616,6/3/2025,4,1,9,168,2,20,2725.53
2617,6/3/2025,1,7,11,14,0,8,203.6
2618,6/3/2025,5,3,14,3,0,6,209.28
2619,6/4/2025,3,7,8,11,0,17,200.11
2620,6/4/2025,4,10,17,138,1,9,833.16
2621,6/4/2025,2,8,12,984,29,12,111.83
2622,6/4/2025,5,3,8,5,0,305,590.04
2623,6/4/2025,3,5,6,300,6,6,221.08
2624,6/5/2025,3,5,14,187,5,19,144.39
2625,6/5/2025,3,7,15,15,0,7,239.69
2626,6/5/2025,4,1,19,130,2,0,2099.67
2627,6/5/2025,1,1,14,118,3,4,1928.77
2628,6/5/2025,1,4,11,306,4,4,1350.05
2629,6/6/2025,3,9,8,1334,22,10,52.2
2630,6/6/2025,1,1,5,134,3,5,2174.04
2631,6/6/2025,2,6,9,100,3,11,65.74
2632,6/6/2025,1,7,12,14,0,11,205.5
2633,6/6/2025,1,4,14,366,11,2,1586.17
2634,6/6/2025,3,7,12,12,0,13,175.83
2635,6/6/2025,2,8,4,778,13,4,93.71
2636,6/7/2025,4,10,14,247,7,8,1471.97
2637,6/7/2025,2,6,1,120,3,14,87.89
2638,6/7/2025,1,7,20,17,0,13,242.52
2639,6/7/2025,2,8,20,763,11,9,76.4
2640,6/7/2025,3,9,20,1179,19,13,61.61
2641,6/8/2025,2,2,9,407,6,11,968.56
2642,6/8/2025,1,7,10,15,0,12,219.01
2643,6/8/2025,1,7,5,15,0,4,219.56
2644,6/9/2025,4,10,15,158,3,18,933.87
2645,6/9/2025,3,9,9,913,5,9,45.41
2646,6/9/2025,5,3,8,4,0,13,266.28
2647,6/9/2025,5,2,15,417,11,2,986.24
2648,6/9/2025,2,2,17,330,4,1,782.55
2649,6/10/2025,2,8,5,626,12,2,80.63
2650,6/10/2025,4,1,15,145,4,18,2364.95
2651,6/10/2025,4,10,1,195,2,2,1147.78
2652,6/10/2025,2,2,9,375,5,4,887.99
2653,6/10/2025,4,1,18,149,2,9,2426.72
2654,6/10/2025,1,1,20,138,3,69,2284.09
2655,6/11/2025,2,6,14,130,6,17,107.29
2656,6/11/2025,2,2,14,404,11,17,959.2
2657,6/11/2025,4,1,3,129,2,9,2087.59
2658,6/11/2025,1,1,8,153,3,1,2489.64
2659,6/11/2025,2,8,3,1039,12,20,104.78
2660,6/11/2025,4,1,8,154,4,15,2525.61
2661,6/11/2025,4,1,15,173,4,15,2797.37
2662,6/12/2025,1,4,5,297,8,17,1300.46
2663,6/12/2025,1,7,18,16,0,16,237.65
2664,6/12/2025,1,7,3,17,0,11,248.11
2665,6/13/2025,2,8,13,747,0,13,85.16
2666,6/13/2025,2,6,15,158,7,16,106.56
2667,6/13/2025,2,6,8,124,5,12,109.25
2668,6/13/2025,4,1,1,140,1,16,2281.91
2669,6/13/2025,3,5,6,268,5,9,204.69
2670,6/13/2025,1,4,10,256,4,101,1181.66
2671,6/14/2025,4,1,10,111,1,7,1796.11
2672,6/14/2025,4,10,7,234,6,12,1377.63
2673,6/14/2025,5,3,19,5,0,17,354.78
2674,6/14/2025,2,2,1,370,4,7,864.16
2675,6/14/2025,2,8,3,929,9,19,85.48
2676,6/14/2025,2,6,2,111,4,180,203.17
2677,6/15/2025,5,2,3,405,8,3,944.39
2678,6/15/2025,1,1,18,100,1,20,1628.14
2679,6/15/2025,4,10,15,204,5,8,1222.71
2680,6/15/2025,4,10,19,215,2,4,1253.71
2681,6/16/2025,1,4,18,358,5,17,1571.62
2682,6/16/2025,1,4,3,298,6,10,1300.76
2683,6/16/2025,2,2,14,365,11,11,873.36
2684,6/17/2025,2,8,14,597,12,17,79.7
2685,6/17/2025,1,7,7,15,0,18,214.04
2686,6/17/2025,5,2,2,349,9,13,845.29
2687,6/17/2025,3,5,6,218,4,3,175.29
2688,6/17/2025,2,2,16,424,12,68,1030.82
2689,6/17/2025,5,2,8,397,9,16,947.11
2690,6/18/2025,2,6,14,99,5,3,60.6
2691,6/18/2025,3,9,7,1031,23,10,42.85
2692,6/18/2025,3,5,20,265,6,20,214.56
2693,6/18/2025,3,7,14,13,0,17,201.91
2694,6/18/2025,5,3,12,3,0,10,207.35
2695,6/18/2025,3,7,7,17,0,15,258.41
2696,6/18/2025,5,3,20,5,0,14,326.62
2697,6/19/2025,1,7,20,15,0,6,215.44
2698,6/19/2025,1,4,13,300,3,15,1304.68
2699,6/19/2025,4,10,1,198,2,9,1194.68
2700,6/19/2025,2,6,5,133,7,3,96.46
2701,6/19/2025,5,2,2,296,6,10,696.34
2702,6/20/2025,1,7,4,15,0,17,246
2703,6/20/2025,3,5,1,219,3,0,169.31
2704,6/20/2025,3,7,14,9,0,16,152.33
2705,6/21/2025,3,7,9,13,0,19,215.97
2706,6/21/2025,2,6,2,87,3,2,75.95
2707,6/21/2025,5,2,17,451,7,2,1027.44
2708,6/22/2025,3,7,11,15,0,1,223.67
2709,6/22/2025,2,2,16,380,11,13,899.4
2710,6/22/2025,2,8,12,681,17,2,77.46
2711,6/22/2025,5,2,20,510,13,9,1169.77
2712,6/23/2025,3,5,13,244,3,6,169.26
2713,6/23/2025,3,9,17,1012,2,11,43.14
2714,6/23/2025,5,3,14,5,0,11,351.28
2715,6/23/2025,2,6,8,128,6,17,91.19
2716,6/24/2025,4,10,7,150,4,17,911.44
2717,6/24/2025,5,3,20,4,0,19,300.14
2718,6/24/2025,4,10,11,162,2,10,951.29
2719,6/25/2025,1,7,17,15,0,14,217.19
2720,6/25/2025,3,7,20,16,0,14,244.76
2721,6/25/2025,5,3,15,4,0,13,283.77
2722,6/25/2025,1,4,20,294,6,16,1282.73
2723,6/25/2025,4,1,11,125,1,0,2036.1
2724,6/25/2025,1,7,17,14,0,9,202.63
2725,6/26/2025,2,6,7,142,7,18,105.43
2726,6/26/2025,1,4,11,278,5,7,1216.48
2727,6/26/2025,3,5,5,333,10,17,240.79
2728,6/26/2025,4,1,11,163,3,10,2628.23
2729,6/27/2025,5,3,16,4,0,16,302.51
2730,6/27/2025,1,7,14,16,0,13,254.78
2731,6/27/2025,1,7,13,12,0,2,162.47
2732,6/27/2025,1,1,15,153,3,19,2499.14
2733,6/28/2025,3,9,17,1108,6,14,57.37
2734,6/28/2025,4,10,2,232,5,144,1489.09
2735,6/28/2025,2,6,10,127,4,19,94.28
2736,6/29/2025,2,2,18,350,5,1,816.24
2737,6/29/2025,2,2,15,247,6,5,596.76
2738,6/29/2025,2,6,8,144,6,359,394.47
2739,6/29/2025,5,3,16,4,0,8,283.77
2740,6/30/2025,3,9,11,855,3,8,68.63
2741,6/30/2025,1,1,16,142,4,121,2379.7
2742,6/30/2025,4,10,15,189,4,2,1101.39
2743,6/30/2025,4,1,7,108,3,1,1761.64
2744,7/1/2025,1,4,12,271,9,8,1181.89
2745,7/1/2025,5,3,14,4,0,4,290.86
2746,7/1/2025,4,1,1,141,1,75,2355.42
2747,7/1/2025,3,9,12,1109,31,12,75.12
2748,7/1/2025,1,1,18,150,2,12,2436.66
2749,7/2/2025,3,7,15,14,0,16,217.27
2750,7/2/2025,1,4,15,330,8,12,1444
2751,7/2/2025,2,8,20,641,7,19,87.11
2752,7/2/2025,1,7,20,17,0,5,246.36
2753,7/2/2025,3,5,11,222,3,5,183.79
2754,7/3/2025,3,5,12,253,9,7,175.93
2755,7/3/2025,5,2,9,381,4,9,909.04
2756,7/3/2025,2,2,7,375,10,5,894.4
2757,7/4/2025,5,3,8,5,0,13,332.8
2758,7/4/2025,4,10,10,175,2,4,1033.66
2759,7/4/2025,3,5,9,287,3,19,234.83
2760,7/4/2025,5,3,6,5,0,19,357.47
2761,7/5/2025,5,3,3,5,0,3,327.47
2762,7/5/2025,3,9,6,907,10,9,56.64
2763,7/5/2025,5,2,18,359,4,5,834.22
2764,7/6/2025,1,7,20,18,0,1,269.42
2765,7/6/2025,1,1,3,150,3,2,2423.43
2766,7/6/2025,4,1,7,135,4,1,2208.89
2767,7/6/2025,3,5,2,226,5,3,183.75
2768,7/7/2025,4,10,20,207,4,13,1220.15
2769,7/7/2025,3,7,10,11,0,3,155.55
2770,7/7/2025,5,3,11,4,0,3,253.32
2771,7/7/2025,1,7,13,18,0,314,511.66
2772,7/7/2025,2,8,9,777,4,4,87.3
2773,7/7/2025,4,10,13,240,2,16,1410.54
2774,7/7/2025,3,7,19,18,0,336,513.02
2775,7/8/2025,4,1,5,153,5,0,2459.87
2776,7/8/2025,4,10,18,183,2,17,1094.37
2777,7/8/2025,1,1,20,141,3,1,2280.05
2778,7/8/2025,5,2,5,346,10,5,824.15
2779,7/8/2025,2,6,1,116,3,14,108.68
2780,7/9/2025,5,3,2,6,0,10,395.43
2781,7/9/2025,3,5,2,207,5,4,146.22
2782,7/9/2025,5,3,17,5,0,13,348.29
2783,7/9/2025,5,2,3,311,6,4,746.68
2784,7/9/2025,1,1,4,152,4,8,2475.02
2785,7/9/2025,4,1,19,155,2,8,2530.67
2786,7/10/2025,5,3,8,6,0,18,412.85
2787,7/10/2025,1,4,15,388,11,14,1675.33
2788,7/10/2025,2,8,12,776,19,7,67.2
2789,7/10/2025,4,10,1,221,2,20,1317.9
2790,7/10/2025,4,10,13,211,3,17,1263.39
2791,7/10/2025,2,8,6,860,7,6,68.07
2792,7/10/2025,5,3,14,5,0,13,345.97
2793,7/11/2025,1,7,13,10,0,8,164.38
2794,7/11/2025,5,3,11,4,0,15,274.9
2795,7/11/2025,3,9,11,1030,6,8,58.5
2796,7/11/2025,4,10,3,147,3,10,893.67
2797,7/11/2025,1,7,20,14,0,11,225.29
2798,7/11/2025,1,4,14,283,8,13,1232.65
2799,7/11/2025,1,1,19,177,2,3,2860.24
2800,7/12/2025,1,1,11,158,2,4,2546.25
2801,7/12/2025,3,9,7,851,15,17,42.57
2802,7/12/2025,5,3,14,5,0,16,361.63
2803,7/12/2025,3,5,7,222,6,10,186.02
2804,7/13/2025,2,6,17,113,3,0,71.83
2805,7/13/2025,5,2,13,397,5,20,947.27
2806,7/13/2025,4,1,2,169,3,9,2746.16
2807,7/13/2025,1,1,20,175,4,14,2850.76
2808,7/13/2025,2,8,12,859,21,11,109.13
2809,7/13/2025,2,8,8,1027,16,17,90.77
2810,7/14/2025,4,1,14,140,4,12,2259.7
2811,7/14/2025,5,2,16,466,14,16,1073.89
2812,7/14/2025,4,10,12,148,5,9,892.36
2813,7/14/2025,2,6,7,129,6,16,108
2814,7/15/2025,5,3,19,4,0,10,281.29
2815,7/15/2025,1,4,1,284,3,6,1247.35
2816,7/15/2025,3,5,14,256,7,18,184.99
2817,7/15/2025,2,8,1,892,2,15,91.72
2818,7/16/2025,3,5,12,204,7,1,137.59
2819,7/16/2025,3,9,9,931,5,8,44.64
2820,7/16/2025,1,7,9,16,0,14,259.68
2821,7/16/2025,3,7,9,12,0,15,184.36
2822,7/17/2025,5,3,12,4,0,4,274.66
2823,7/17/2025,3,7,18,19,0,19,274.76
2824,7/17/2025,4,10,17,164,1,16,996.74
2825,7/17/2025,3,9,4,1120,18,20,79.88
2826,7/17/2025,3,7,1,13,0,14,209.04
2827,7/17/2025,1,4,16,325,10,7,1435.82
2828,7/18/2025,5,3,11,5,0,12,321.08
2829,7/18/2025,4,1,7,156,4,19,2548.31
2830,7/18/2025,1,1,15,142,3,323,2557.7
2831,7/19/2025,2,8,11,757,6,11,87.35
2832,7/19/2025,2,8,18,773,1,13,86.25
2833,7/19/2025,2,6,12,135,7,110,160.69
2834,7/19/2025,5,2,9,357,4,0,816.23
2835,7/19/2025,2,2,20,376,8,19,880.27
2836,7/19/2025,4,1,11,146,2,2,2385.63
2837,7/19/2025,3,9,1,663,3,1,60.63
2838,7/20/2025,3,9,14,1201,21,16,53.78
2839,7/20/2025,3,5,14,187,5,2,129.46
2840,7/20/2025,5,3,14,6,0,5,377.02
2841,7/20/2025,2,6,6,130,4,20,103.11
2842,7/21/2025,3,9,10,887,4,20,68.9
2843,7/21/2025,4,10,7,147,4,2,861.23
2844,7/21/2025,1,7,18,17,0,12,268.95
2845,7/21/2025,2,8,1,845,0,20,98.29
2846,7/22/2025,2,6,14,121,6,15,110.99
2847,7/22/2025,3,7,5,13,0,1,209.28
2848,7/22/2025,1,1,15,133,3,16,2170.07
2849,7/22/2025,4,10,15,216,5,14,1278.29
2850,7/22/2025,5,3,1,4,0,258,463.82
2851,7/22/2025,1,4,5,222,7,1,980.57
2852,7/22/2025,1,7,13,16,0,5,229.48
2853,7/23/2025,3,7,9,15,0,12,208.58
2854,7/23/2025,2,8,1,536,2,18,85.33
2855,7/23/2025,4,1,8,138,3,19,2251.23
2856,7/23/2025,1,1,18,152,2,18,2472.05
2857,7/23/2025,1,4,9,380,4,0,1630.62
2858,7/24/2025,4,1,18,164,2,4,2671.79
2859,7/24/2025,5,2,7,444,12,9,1023.88
2860,7/24/2025,5,2,1,382,5,2,890.3
2861,7/25/2025,3,7,19,11,0,128,279.28
2862,7/25/2025,3,5,3,200,4,11,159.33
2863,7/25/2025,5,3,19,6,0,19,403.35
2864,7/25/2025,4,10,3,261,5,16,1541.63
2865,7/25/2025,1,7,10,12,0,10,171.73
2866,7/26/2025,3,9,8,1181,19,14,60.23
2867,7/26/2025,3,5,18,232,3,13,193.91
2868,7/26/2025,1,4,9,268,4,18,1195.36
2869,7/26/2025,4,1,3,160,3,5,2584.57
2870,7/26/2025,4,10,11,227,4,0,1327.34
2871,7/26/2025,3,9,2,1074,18,6,70.03
2872,7/27/2025,1,4,13,243,2,14,1077.72
2873,7/27/2025,5,3,19,5,0,3,316.7
2874,7/27/2025,4,10,13,181,1,13,1074.81
2875,7/27/2025,2,8,19,870,4,9,89.68
2876,7/27/2025,3,9,1,1158,3,12,63.9
2877,7/27/2025,3,9,14,777,16,5,66.43
2878,7/27/2025,4,1,7,160,5,19,2615.9
2879,7/28/2025,4,10,15,209,5,18,1261.87
2880,7/28/2025,4,1,13,129,1,14,2087.99
2881,7/28/2025,1,1,15,117,2,1,1899.07
2882,7/28/2025,2,6,7,107,5,4,67.3
2883,7/28/2025,5,2,9,365,4,12,863.49
2884,7/28/2025,3,9,8,1083,15,12,54.18
2885,7/29/2025,5,3,3,4,0,1,282.22
2886,7/29/2025,3,7,17,18,0,10,252.82
2887,7/29/2025,1,7,17,16,0,4,234.38
2888,7/29/2025,1,4,8,362,10,11,1570.62
2889,7/30/2025,4,10,18,239,3,137,1495.53
2890,7/30/2025,5,2,6,508,10,12,1201.18
2891,7/30/2025,2,8,19,872,5,15,80.7
2892,7/31/2025,4,1,3,138,2,13,2235.35
2893,7/31/2025,1,4,19,288,4,5,1259.68
2894,7/31/2025,5,2,16,425,12,2,973.85
2895,7/31/2025,1,1,6,175,2,15,2836.43
2896,7/31/2025,3,7,3,14,0,2,188.82
2897,7/31/2025,3,7,14,12,0,95,250.22
2898,7/31/2025,4,10,9,133,1,1,794.8
2899,8/1/2025,3,9,18,820,2,4,65.68
2900,8/1/2025,5,2,13,410,4,8,952.32
2901,8/1/2025,5,2,8,326,8,10,771.51
2902,8/1/2025,1,7,15,12,0,15,196.37
2903,8/1/2025,4,1,1,156,1,332,2777.79
2904,8/2/2025,2,2,8,394,9,6,931.46
2905,8/2/2025,5,3,17,5,0,13,354.09
2906,8/2/2025,5,3,3,4,0,10,291.22
2907,8/2/2025,4,10,4,230,6,18,1363.38
2908,8/2/2025,4,1,12,158,6,5,2554.02
2909,8/3/2025,4,10,8,237,6,5,1412.02
2910,8/3/2025,3,7,7,15,0,19,248.57
2911,8/3/2025,5,3,6,6,0,12,409.71
2912,8/3/2025,3,5,17,316,5,18,215.88
2913,8/3/2025,2,6,18,132,4,13,114.94
2914,8/3/2025,1,7,2,15,0,15,218.62
2915,8/3/2025,4,1,10,174,2,4,2802.24
2916,8/4/2025,5,2,2,268,5,2,643.31
2917,8/4/2025,3,9,2,880,14,14,46.17
2918,8/4/2025,2,6,10,137,5,18,121.41
2919,8/4/2025,1,1,3,150,3,10,2442.43
2920,8/4/2025,3,7,10,11,0,20,193.98
2921,8/5/2025,4,10,16,272,7,19,1590
2922,8/5/2025,2,2,14,433,12,7,1005.96
2923,8/5/2025,1,1,7,118,3,20,1916.22
2924,8/5/2025,3,7,14,14,0,10,205.72
2925,8/5/2025,1,7,10,13,0,4,204.66
2926,8/5/2025,1,7,14,14,0,7,215.48
2927,8/5/2025,3,5,19,243,3,18,204.81
2928,8/6/2025,2,8,16,815,16,16,75.64
2929,8/6/2025,2,2,1,458,5,6,1047.32
2930,8/6/2025,2,6,10,105,3,8,61.89
2931,8/6/2025,5,3,7,5,0,1,323.77
2932,8/6/2025,1,4,2,226,5,11,992.27
2933,8/7/2025,1,7,9,16,0,20,258.71
2934,8/7/2025,3,7,13,14,0,11,228.03
2935,8/7/2025,2,6,8,121,5,2,86.48
2936,8/7/2025,2,8,12,927,27,9,97.27
2937,8/7/2025,3,5,20,275,6,10,197.32
2938,8/7/2025,1,4,14,327,9,8,1422.53
2939,8/8/2025,4,1,14,201,6,13,3245.9
2940,8/8/2025,2,2,1,328,3,1,761.38
2941,8/8/2025,5,3,17,6,0,2,383.84
2942,8/9/2025,4,1,17,146,1,4,2368.62
2943,8/9/2025,5,2,18,410,6,3,950.33
2944,8/9/2025,2,8,17,788,2,11,103.38
2945,8/9/2025,5,2,12,438,16,17,1030.55
2946,8/10/2025,4,10,6,201,4,5,1202.71
2947,8/10/2025,5,2,10,385,6,9,884.16
2948,8/10/2025,5,2,1,469,6,19,1103.81
2949,8/10/2025,5,3,4,5,0,13,338.86
2950,8/11/2025,3,7,16,14,0,2,221.34
2951,8/11/2025,3,7,4,12,0,19,207.02
2952,8/11/2025,4,1,10,111,1,20,1819.56
2953,8/12/2025,2,2,2,320,8,6,744.41
2954,8/12/2025,4,10,16,175,5,18,1061.96
2955,8/12/2025,4,1,12,133,4,4,2151.7
2956,8/12/2025,1,1,12,174,6,10,2813.83
2957,8/12/2025,1,7,2,16,0,15,238.06
2958,8/12/2025,4,1,17,150,1,0,2418.09
2959,8/12/2025,3,5,17,195,2,9,143.14
2960,8/13/2025,5,3,20,4,0,18,287.06
2961,8/13/2025,4,10,9,192,2,6,1133.17
2962,8/13/2025,5,3,6,4,0,1,250.97
2963,8/13/2025,2,2,2,365,9,3,841.03
2964,8/14/2025,3,9,19,1350,4,20,59.64
2965,8/14/2025,5,2,11,325,4,3,777.64
2966,8/14/2025,2,8,5,794,18,19,74.19
2967,8/15/2025,4,1,14,143,4,9,2317.31
2968,8/15/2025,2,2,5,423,13,6,995.52
2969,8/15/2025,2,6,8,118,5,3,99.09
2970,8/15/2025,1,7,5,14,0,8,222.92
2971,8/15/2025,5,2,19,384,5,2,910.53
2972,8/15/2025,5,2,4,444,13,19,1029.92
2973,8/15/2025,3,9,16,947,20,1,38.56
2974,8/16/2025,3,5,7,283,7,17,218.74
2975,8/16/2025,3,5,11,224,3,0,156.79
2976,8/16/2025,4,1,17,195,3,14,3145.2
2977,8/17/2025,4,1,3,168,4,15,2715.01
2978,8/17/2025,2,6,11,129,4,182,211.52
2979,8/17/2025,2,6,9,99,3,14,63.42
2980,8/17/2025,2,2,20,347,8,9,801.51
2981,8/17/2025,4,10,3,158,3,14,943.72
2982,8/17/2025,1,7,18,11,0,1,151.55
2983,8/17/2025,5,3,11,3,0,1,206.34
2984,8/18/2025,1,1,9,103,1,17,1686.74
2985,8/18/2025,5,3,17,4,0,12,291.92
2986,8/18/2025,1,1,15,117,3,20,1917.22
2987,8/18/2025,5,3,20,4,0,315,506.13
2988,8/18/2025,1,4,4,323,9,8,1413.79
2989,8/19/2025,1,4,10,335,5,7,1448.64
2990,8/19/2025,5,3,19,5,0,3,331.6
2991,8/19/2025,1,1,8,92,2,9,1513.89
2992,8/19/2025,5,2,13,352,3,15,839.9
2993,8/20/2025,2,2,15,332,8,4,771.12
2994,8/20/2025,4,1,7,142,4,4,2319.83
2995,8/20/2025,4,10,3,186,4,18,1101.93
2996,8/20/2025,1,4,20,165,3,17,750.49
2997,8/20/2025,4,1,11,148,2,4,2394.76
2998,8/20/2025,4,1,12,165,6,17,2691.36
2999,8/21/2025,1,1,10,166,2,7,2695.57
3000,8/21/2025,2,6,5,115,5,12,84.38
3001,8/21/2025,5,2,12,353,14,57,874.7
3002,8/21/2025,2,6,2,163,6,1,83.4
3003,8/21/2025,3,7,3,12,0,8,205.12
3004,8/21/2025,5,2,5,406,13,9,957.34
3005,8/22/2025,5,2,18,469,5,2,1069.3
3006,8/22/2025,3,9,4,985,20,7,60.43
3007,8/22/2025,4,10,11,212,2,16,1263.68
3008,8/22/2025,2,2,14,367,11,9,847.81
3009,8/22/2025,4,1,8,165,4,20,2683.45
3010,8/22/2025,2,6,17,123,4,0,95.74
3011,8/23/2025,2,8,3,964,12,4,102.58
3012,8/23/2025,5,2,13,335,4,10,805.58
3013,8/23/2025,2,2,11,315,5,16,742.69
3014,8/23/2025,2,8,14,1003,19,3,75.56
3015,8/24/2025,2,2,14,336,10,15,797.16
3016,8/24/2025,3,7,12,16,0,12,247.54
3017,8/24/2025,2,6,17,118,3,3,90.07
3018,8/24/2025,1,7,9,14,0,12,210.41
3019,8/25/2025,2,2,7,374,11,208,1031.69
3020,8/25/2025,5,3,15,6,0,6,398.87
3021,8/25/2025,3,7,19,13,0,4,185.89
3022,8/26/2025,3,9,3,789,8,14,37.45
3023,8/26/2025,5,3,5,5,0,3,316.54
3024,8/26/2025,3,9,10,1070,4,17,46.72
3025,8/26/2025,4,1,2,169,3,20,2740.11
3026,8/26/2025,5,2,17,309,4,3,709.22
3027,8/26/2025,4,1,3,127,2,9,2070.99
3028,8/27/2025,2,2,16,394,11,8,936.08
3029,8/27/2025,1,4,6,297,6,12,1294.9
3030,8/27/2025,2,8,11,766,5,231,276.16
3031,8/27/2025,1,7,4,16,0,4,230.37
3032,8/28/2025,2,8,2,627,10,7,66.11
3033,8/28/2025,2,8,17,611,1,4,84.95
3034,8/28/2025,3,5,15,236,5,18,171.66
3035,8/28/2025,5,2,20,331,7,13,789.64
3036,8/29/2025,4,10,1,182,1,12,1070.08
3037,8/29/2025,4,10,19,198,3,10,1178.59
3038,8/29/2025,1,4,4,298,8,5,1301.13
3039,8/29/2025,5,2,10,335,4,357,1087.92
3040,8/29/2025,4,10,4,252,6,10,1481.9
3041,8/29/2025,2,8,6,811,8,14,95.78
3042,8/29/2025,3,5,12,218,8,11,151.47
3043,8/30/2025,1,1,11,208,3,5,3360.52
3044,8/30/2025,5,2,13,387,3,8,923.49
3045,8/30/2025,3,9,17,954,3,9,69.35
3046,8/31/2025,2,8,8,708,13,11,85.13
3047,8/31/2025,2,2,11,437,6,15,1029.23
3048,8/31/2025,1,1,7,164,5,14,2661.67
3049,8/31/2025,2,6,9,79,2,0,65.55
3050,9/1/2025,5,3,2,5,0,5,321.26
3051,9/1/2025,2,2,13,453,5,308,1283.48
3052,9/1/2025,4,10,3,161,3,19,979.81
3053,9/1/2025,1,7,16,18,0,20,270.17
3054,9/1/2025,5,2,15,370,8,7,856.55
3055,9/2/2025,5,3,5,5,0,19,345.68
3056,9/2/2025,5,2,18,437,5,12,1030.72
3057,9/2/2025,1,7,19,12,0,20,208.95
3058,9/2/2025,3,7,15,16,0,8,220.81
3059,9/2/2025,1,4,13,336,4,20,1484.85
3060,9/2/2025,3,7,8,13,0,12,183.34
3061,9/3/2025,2,6,19,129,4,20,106.3
3062,9/3/2025,5,2,15,508,13,16,1200
3063,9/3/2025,4,1,16,130,4,289,2342.25
3064,9/3/2025,2,6,2,112,4,20,100.4
3065,9/3/2025,4,10,13,208,2,0,1225.68
3066,9/4/2025,2,6,19,106,3,9,62.8
3067,9/4/2025,2,6,19,124,4,1,92.62
3068,9/4/2025,2,2,5,386,12,10,918.85
3069,9/4/2025,3,9,15,781,10,4,38.65
3070,9/4/2025,4,10,3,148,3,169,1024.61
3071,9/4/2025,3,7,12,11,0,259,393.68
3072,9/4/2025,3,7,19,13,0,3,196.94
3073,9/5/2025,5,2,5,391,13,10,898.94
3074,9/5/2025,4,1,5,134,4,20,2198.4
3075,9/5/2025,1,4,13,272,3,0,1203.47
3076,9/5/2025,3,7,11,16,0,13,228.89
3077,9/6/2025,4,1,16,149,4,6,2408.08
3078,9/6/2025,2,6,14,133,6,255,271.94
3079,9/6/2025,5,2,8,383,10,4,912.87
3080,9/6/2025,4,1,6,119,2,12,1927.77
3081,9/6/2025,5,2,14,575,15,10,1338.88
3082,9/7/2025,1,1,7,154,4,268,2712.37
3083,9/7/2025,2,2,13,448,6,18,1061.79
3084,9/7/2025,1,7,20,17,0,7,229.1
3085,9/7/2025,1,1,6,111,2,20,1820.53
3086,9/8/2025,2,6,2,104,4,17,103.37
3087,9/8/2025,2,8,5,593,14,0,83.98
3088,9/8/2025,2,6,19,136,4,11,96.73
3089,9/8/2025,3,5,9,249,3,0,185.27
3090,9/8/2025,3,7,5,16,0,11,237.24
3091,9/9/2025,5,3,9,4,0,46,319.22
3092,9/9/2025,5,3,14,4,0,267,467.06
3093,9/9/2025,5,3,5,5,0,4,333.71
3094,9/9/2025,2,6,3,146,5,0,85.71
3095,9/9/2025,4,1,17,134,1,148,2275.37
3096,9/9/2025,4,10,10,206,2,16,1214.94
3097,9/10/2025,2,6,5,122,6,8,71.58
3098,9/10/2025,4,1,3,153,3,17,2472.39
3099,9/10/2025,4,1,4,146,4,15,2392.89
3100,9/11/2025,3,5,2,246,6,191,312.73
3101,9/11/2025,2,2,14,459,13,9,1066.44
3102,9/11/2025,1,4,3,314,6,11,1354.42
3103,9/12/2025,1,4,2,218,5,20,961.69
3104,9/12/2025,5,2,2,368,9,20,872.43
3105,9/12/2025,3,9,8,1163,19,14,74.39
3106,9/12/2025,3,5,12,183,7,8,152.96
3107,9/13/2025,1,4,3,291,6,9,1255.52
3108,9/13/2025,3,5,7,281,8,19,211.69
3109,9/13/2025,5,2,13,404,5,14,942.25
3110,9/13/2025,1,4,17,243,3,184,1213.48
3111,9/14/2025,5,2,7,400,12,14,931.42
3112,9/14/2025,3,5,19,267,3,7,188.49
3113,9/14/2025,4,1,4,153,4,8,2480.81
3114,9/15/2025,5,3,20,4,0,13,265.11
3115,9/15/2025,2,2,15,428,10,17,986.93
3116,9/15/2025,1,1,5,160,4,15,2608.51
3117,9/15/2025,2,2,11,451,8,16,1072.34
3118,9/15/2025,4,1,20,163,4,17,2642.8
3119,9/15/2025,3,7,1,13,0,15,213.34
3120,9/16/2025,4,1,3,140,2,1,2283.15
3121,9/16/2025,3,5,20,276,6,13,210.79
3122,9/16/2025,5,3,19,5,0,14,351.54
3123,9/16/2025,1,1,9,181,2,213,3114.9
3124,9/16/2025,4,1,15,150,3,16,2434.25
3125,9/17/2025,4,1,14,175,5,2,2850.85
3126,9/17/2025,4,10,5,235,7,14,1373.58
3127,9/17/2025,4,10,20,187,4,4,1106.43
3128,9/17/2025,3,5,8,320,8,17,232.15
3129,9/17/2025,2,6,10,109,3,3,63.93
3130,9/18/2025,2,8,1,788,1,1,94.33
3131,9/18/2025,4,1,11,160,2,16,2598.85
3132,9/18/2025,2,6,14,87,4,5,76.11
3133,9/19/2025,5,2,11,489,7,1,1147.5
3134,9/19/2025,3,9,9,635,2,5,48.17
3135,9/19/2025,2,8,18,983,1,7,77.75
3136,9/19/2025,2,8,6,940,11,5,78.78
3137,9/19/2025,2,2,7,519,14,15,1211.56
3138,9/19/2025,2,6,18,148,4,14,113.65
3139,9/19/2025,1,7,8,12,0,7,198.85
3140,9/20/2025,1,7,1,13,0,20,213.83
3141,9/20/2025,3,7,8,13,0,14,203.69
3142,9/20/2025,1,1,9,140,1,6,2257.24
3143,9/20/2025,2,6,8,142,6,14,118.46
3144,9/20/2025,1,4,6,320,6,13,1401.25
3145,9/20/2025,2,8,15,843,11,17,95.68
3146,9/21/2025,3,9,14,1260,24,7,61.91
3147,9/21/2025,3,7,20,12,0,13,190.38
3148,9/21/2025,2,2,6,457,7,9,1067.22
3149,9/22/2025,3,9,15,1191,15,5,47.39
3150,9/22/2025,5,3,11,5,0,13,331.38
3151,9/22/2025,4,10,1,217,2,1,1267.57
3152,9/22/2025,2,8,17,891,1,4,88.43
3153,9/22/2025,2,6,14,121,6,2,64.55
3154,9/23/2025,1,4,7,268,8,14,1161.05
3155,9/23/2025,4,10,6,201,4,11,1198.88
3156,9/23/2025,5,3,15,5,0,15,335.63
3157,9/24/2025,5,3,12,4,0,20,281.47
3158,9/24/2025,5,2,15,318,8,9,768.6
3159,9/24/2025,5,2,20,380,8,11,879.54
3160,9/24/2025,1,4,17,322,5,205,1546.35
3161,9/24/2025,1,7,6,14,0,6,191.41
3162,9/25/2025,4,10,20,236,4,17,1386.26
3163,9/25/2025,1,1,12,159,6,5,2587.51
3164,9/25/2025,3,7,1,16,0,7,227.18
3165,9/25/2025,1,7,9,11,0,5,165.64
3166,9/26/2025,3,9,19,1209,10,20,59.65
3167,9/26/2025,2,6,10,116,4,3,69.86
3168,9/26/2025,3,9,8,876,13,154,174.75
3169,9/26/2025,5,3,6,5,0,7,327.21
3170,9/26/2025,2,2,4,504,14,7,1151.18
3171,9/26/2025,3,9,10,1018,6,17,65.76
3172,9/26/2025,5,2,19,378,6,3,895.88
3173,9/27/2025,5,2,17,291,3,17,707.43
3174,9/27/2025,2,2,15,461,11,12,1076.41
3175,9/27/2025,3,9,3,1117,13,19,52.15
3176,9/28/2025,4,10,2,130,2,5,762.42
3177,9/28/2025,2,6,9,125,4,310,330.11
3178,9/28/2025,4,10,2,233,5,11,1386.85
3179,9/28/2025,4,1,8,123,3,0,2011.41
3180,9/28/2025,4,1,3,189,4,10,3072.82
3181,9/28/2025,4,1,7,173,5,1,2795.78
3182,9/28/2025,4,1,1,134,1,12,2179.49
3183,9/29/2025,2,8,5,841,18,10,89.38
3184,9/29/2025,1,1,19,147,2,260,2577.92
3185,9/29/2025,2,2,10,439,7,9,1040.22
3186,9/29/2025,5,2,20,446,10,0,1047.13
3187,9/29/2025,4,1,5,158,5,4,2568.64
3188,9/29/2025,5,3,9,3,0,13,231.67
3189,9/29/2025,2,6,17,103,3,15,73.59
3190,9/30/2025,2,2,8,403,10,14,942.51
3191,9/30/2025,3,7,14,17,0,8,232.83
3192,9/30/2025,2,6,3,100,3,5,79.5
3193,9/30/2025,4,10,2,169,3,3,1014.12
3194,9/30/2025,3,7,3,14,0,6,217.92
3195,9/30/2025,1,1,14,151,4,6,2465.9
3196,9/30/2025,1,1,17,156,2,10,2527.59
3197,10/1/2025,4,10,9,172,2,8,1042.4
3198,10/1/2025,2,6,15,102,4,8,85.03
3199,10/1/2025,3,7,11,17,0,0,231.73
3200,10/1/2025,1,1,3,156,3,4,2547.46
3201,10/1/2025,5,3,19,4,0,14,290.95
3202,10/2/2025,4,1,18,126,1,20,2060.04
3203,10/2/2025,5,2,9,412,6,17,955.14
3204,10/2/2025,2,6,9,138,4,17,93.13
3205,10/2/2025,4,10,2,157,4,10,949.25
3206,10/3/2025,3,9,4,938,19,19,73.91
3207,10/3/2025,4,10,10,241,4,11,1438.34
3208,10/3/2025,2,6,11,94,3,2,77.48
3209,10/3/2025,4,1,9,132,2,10,2153.4
3210,10/3/2025,2,6,4,153,7,13,96.56
3211,10/3/2025,5,3,3,5,0,0,328.6
3212,10/3/2025,1,1,20,125,2,7,2017.24
3213,10/4/2025,5,3,18,4,0,20,299.91
3214,10/4/2025,2,6,12,159,9,6,107.97
3215,10/4/2025,4,1,18,191,3,18,3120.14
3216,10/4/2025,1,7,7,17,0,15,238.33
3217,10/4/2025,1,4,17,340,5,313,1740.01
3218,10/5/2025,1,7,17,16,0,15,251.11
3219,10/5/2025,1,1,14,128,3,20,2077.27
3220,10/5/2025,1,7,17,10,0,5,168.26
3221,10/5/2025,3,7,7,14,0,15,215.34
3222,10/5/2025,1,4,18,305,3,10,1351.51
3223,10/5/2025,2,2,18,475,5,15,1113.62
3224,10/6/2025,1,7,14,16,0,11,255.22
3225,10/6/2025,2,8,7,991,18,202,247.16
3226,10/6/2025,5,2,4,465,14,7,1081.35
3227,10/6/2025,1,7,17,16,0,18,233.39
3228,10/6/2025,1,4,2,349,8,8,1523.4
3229,10/6/2025,4,10,10,215,3,13,1270.55
3230,10/6/2025,4,10,9,226,3,12,1333.52
3231,10/7/2025,1,7,17,13,0,15,207.6
3232,10/7/2025,1,1,7,118,3,268,2151.4
3233,10/7/2025,4,1,2,138,3,7,2233.26
3234,10/7/2025,5,2,15,544,15,240,1435.08
3235,10/7/2025,1,4,17,265,3,15,1162.97
3236,10/8/2025,3,9,18,678,3,1,53.16
3237,10/8/2025,3,5,13,311,3,4,219.5
3238,10/8/2025,2,2,9,318,4,16,747.54
3239,10/8/2025,2,2,16,422,13,1,969.62
3240,10/9/2025,4,1,1,154,1,1,2482.98
3241,10/9/2025,4,1,9,134,2,20,2195.07
3242,10/9/2025,5,2,18,362,5,11,859.13
3243,10/9/2025,5,2,9,393,5,20,935.3
3244,10/10/2025,4,10,19,217,3,12,1279.18
3245,10/10/2025,3,7,10,17,0,17,267.76
3246,10/10/2025,4,1,14,137,4,14,2221.13
3247,10/11/2025,4,10,20,144,3,6,868.23
3248,10/11/2025,5,2,8,427,11,16,1018.05
3249,10/11/2025,2,2,12,415,15,11,984.46
3250,10/11/2025,1,7,1,12,0,20,202.84
3251,10/11/2025,1,4,15,269,6,9,1193.6
3252,10/11/2025,5,3,8,3,0,0,199.24
3253,10/11/2025,3,5,10,207,2,11,165.64
3254,10/12/2025,2,8,15,701,13,19,77.55
3255,10/12/2025,3,9,10,815,3,20,57.02
3256,10/12/2025,1,4,2,301,6,2,1291.48
3257,10/12/2025,2,8,15,946,14,5,84.8
3258,10/12/2025,4,10,7,265,7,9,1577.67
3259,10/12/2025,4,10,19,193,3,1,1144.68
3260,10/13/2025,5,3,13,6,0,4,389.73
3261,10/13/2025,3,7,18,19,0,11,280.86
3262,10/13/2025,3,5,16,298,8,3,227.94
3263,10/13/2025,3,9,12,1080,27,15,76.18
3264,10/13/2025,3,7,14,13,0,7,199.68
3265,10/14/2025,1,7,11,12,0,2,183.73
3266,10/14/2025,4,10,15,192,5,7,1158.67
3267,10/14/2025,3,5,9,226,3,6,170.53
3268,10/14/2025,4,1,11,127,2,18,2089.55
3269,10/14/2025,4,10,13,116,1,19,705.4
3270,10/14/2025,1,1,4,161,4,2,2587.8
3271,10/14/2025,5,2,7,374,11,0,887.69
3272,10/15/2025,1,1,16,143,4,18,2317.3
3273,10/15/2025,1,4,3,272,5,7,1200.68
3274,10/15/2025,4,10,12,204,7,2,1210.14
3275,10/15/2025,1,1,10,119,1,4,1951
3276,10/15/2025,4,10,1,173,1,0,1011.44
3277,10/15/2025,3,7,7,11,0,12,187.01
3278,10/15/2025,1,7,10,16,0,20,257.38
3279,10/16/2025,1,4,11,287,4,15,1244.82
3280,10/16/2025,1,7,1,16,0,5,244.05
3281,10/16/2025,5,3,1,4,0,4,291.71
3282,10/16/2025,2,2,5,345,11,4,791.13
3283,10/16/2025,3,5,2,245,6,11,186.69
3284,10/17/2025,4,1,15,145,4,5,2370.2
3285,10/17/2025,2,8,2,1170,19,11,126.73
3286,10/17/2025,4,10,16,210,5,20,1236.04
3287,10/17/2025,1,1,5,198,6,19,3226.95
3288,10/17/2025,2,2,2,349,9,15,830.48
3289,10/18/2025,1,4,5,197,6,13,879.85
3290,10/18/2025,5,2,1,431,4,9,1001.32
3291,10/18/2025,3,5,3,332,8,0,219.33
3292,10/18/2025,4,1,18,175,2,1,2842.98
3293,10/19/2025,2,6,14,122,6,12,71.91
3294,10/19/2025,3,9,2,974,16,12,56.37
3295,10/19/2025,5,2,20,565,13,15,1303.57
3296,10/19/2025,5,3,3,4,0,11,276.97
3297,10/19/2025,4,10,6,188,4,14,1118.45
3298,10/19/2025,4,1,20,164,3,9,2661.01
3299,10/19/2025,5,3,4,4,0,10,281.3
3300,10/20/2025,2,8,13,886,3,13,73.88
3301,10/20/2025,2,6,20,120,5,19,112.9
3302,10/20/2025,4,10,2,169,3,15,1026.61
3303,10/21/2025,1,1,3,149,2,10,2407.92
3304,10/21/2025,2,2,11,388,6,16,929.31
3305,10/21/2025,3,9,13,1177,1,1,47.92
3306,10/21/2025,2,2,12,324,11,8,760.26
3307,10/21/2025,4,1,11,175,2,7,2821.58
3308,10/22/2025,1,7,3,18,0,3,269.11
3309,10/22/2025,3,9,3,995,13,6,61.94
3310,10/22/2025,4,10,19,215,3,121,1346.92
3311,10/23/2025,4,1,8,119,3,16,1930.03
3312,10/23/2025,1,7,1,15,0,11,246.04
3313,10/23/2025,5,3,7,5,0,11,353.47
3314,10/24/2025,2,8,10,809,3,15,103.5
3315,10/24/2025,2,6,10,112,4,3,62.7
3316,10/24/2025,4,1,18,135,1,5,2194.43
3317,10/24/2025,4,1,1,183,2,12,2975.94
3318,10/24/2025,5,2,18,409,5,16,960.92
3319,10/24/2025,2,2,16,379,12,12,894.57
3320,10/25/2025,2,2,12,498,18,20,1147.88
3321,10/25/2025,3,9,3,802,7,2,38.73
3322,10/25/2025,3,7,5,17,0,14,246.18
3323,10/25/2025,2,2,3,425,9,11,984.12
3324,10/25/2025,2,6,19,114,3,68,142.7
3325,10/25/2025,3,5,10,218,3,11,182.15
3326,10/25/2025,4,1,17,150,2,1,2448.72
3327,10/26/2025,1,4,19,313,4,7,1366.45
3328,10/26/2025,4,10,19,183,2,19,1090.31
3329,10/26/2025,5,2,15,308,8,16,724.53
3330,10/26/2025,4,10,10,192,3,54,1166.05
3331,10/27/2025,4,10,13,130,1,17,805.2
3332,10/27/2025,1,1,18,115,1,16,1879.41
3333,10/27/2025,5,2,16,407,12,6,954.5
3334,10/27/2025,2,2,10,435,7,18,1009.79
3335,10/27/2025,1,4,13,320,4,7,1379.38
3336,10/27/2025,2,6,9,106,3,17,72.31
3337,10/28/2025,3,7,12,14,0,0,197.28
3338,10/28/2025,2,6,9,128,4,10,95.58
3339,10/28/2025,3,9,18,1271,5,2,61.93
3340,10/28/2025,4,1,4,111,2,15,1813.99
3341,10/28/2025,4,10,16,198,5,2,1158.44
3342,10/28/2025,3,5,16,211,6,17,151.14
3343,10/28/2025,5,3,6,4,0,19,265.72
3344,10/29/2025,4,1,12,128,4,0,2070.31
3345,10/29/2025,2,8,7,776,16,8,102.67
3346,10/29/2025,5,2,3,455,9,9,1074.52
3347,10/29/2025,5,2,11,495,8,12,1151.52
3348,10/29/2025,5,3,15,5,0,246,511.53
3349,10/29/2025,2,2,15,352,9,305,1077.94
3350,10/30/2025,5,3,6,5,0,11,333.28
3351,10/30/2025,4,1,6,170,2,10,2750.33
3352,10/30/2025,5,2,15,422,11,13,970.08
3353,10/30/2025,5,3,17,4,0,17,280.4
3354,10/30/2025,1,1,17,134,1,12,2203.05
3355,10/30/2025,4,10,7,243,6,5,1426.56
3356,10/30/2025,2,6,13,150,5,11,106.33
3357,10/31/2025,3,9,15,1065,17,20,57.9
3358,10/31/2025,4,1,12,134,5,14,2201.48
3359,10/31/2025,3,9,2,1064,11,14,62.29
3360,10/31/2025,5,2,18,472,7,10,1115.14
3361,10/31/2025,5,3,11,5,0,17,358.28
3362,11/1/2025,4,1,12,136,5,12,2218.81
3363,11/1/2025,2,8,20,668,8,16,64.6
3364,11/1/2025,3,5,16,227,7,2,161.87
3365,11/2/2025,2,2,9,450,5,4,1042
3366,11/2/2025,5,2,18,388,4,12,911.29
3367,11/2/2025,4,10,13,127,1,10,772.04
3368,11/2/2025,1,7,19,10,0,5,164.13
3369,11/2/2025,4,1,16,163,5,12,2639.56
3370,11/2/2025,5,3,19,5,0,6,354.63
3371,11/3/2025,4,1,9,144,1,16,2350.4
3372,11/3/2025,3,5,12,296,11,5,222.02
3373,11/3/2025,1,7,13,17,0,15,237.91
3374,11/4/2025,1,1,20,145,3,6,2354.48
3375,11/4/2025,3,7,20,16,0,6,251.17
3376,11/4/2025,2,6,14,144,7,0,90.77
3377,11/4/2025,1,1,13,170,2,8,2738.03
3378,11/4/2025,1,4,17,250,3,8,1099.39
3379,11/4/2025,2,2,8,240,6,10,584.4
3380,11/4/2025,1,4,9,317,4,6,1366.76
3381,11/5/2025,5,2,13,442,5,15,1046.27
3382,11/5/2025,3,9,20,1000,12,1,52.83
3383,11/5/2025,5,3,19,4,0,14,286.25
3384,11/5/2025,3,7,1,11,0,11,162.66
3385,11/5/2025,1,1,20,145,3,5,2370.41
3386,11/5/2025,3,7,12,13,0,11,192.31
3387,11/6/2025,2,8,15,728,9,20,94.05
3388,11/6/2025,2,2,18,472,5,2,1100.17
3389,11/6/2025,5,2,2,486,11,1,1116.34
3390,11/7/2025,1,7,8,17,0,16,249.66
3391,11/7/2025,4,10,7,209,6,10,1245.27
3392,11/7/2025,3,5,17,283,3,4,217.38
3393,11/8/2025,5,2,14,467,12,11,1084.16
3394,11/8/2025,4,10,17,243,2,18,1423.29
3395,11/8/2025,1,7,4,16,0,9,227.67
3396,11/8/2025,5,3,13,4,0,10,287.48
3397,11/9/2025,5,2,9,324,3,0,756.74
3398,11/9/2025,4,10,12,236,9,11,1410.24
3399,11/9/2025,5,2,2,402,10,10,934.5
3400,11/9/2025,4,10,16,172,4,3,1006.45
3401,11/9/2025,5,3,5,6,0,19,404
3402,11/9/2025,1,1,16,126,3,9,2055.1
3403,11/9/2025,3,9,14,986,21,13,57.17
3404,11/10/2025,5,3,14,5,0,7,329.34
3405,11/10/2025,1,1,15,146,4,199,2510.16
3406,11/10/2025,2,2,16,329,9,9,790.13
3407,11/10/2025,1,7,7,13,0,1,186.86
3408,11/11/2025,3,9,8,1115,18,11,78.05
3409,11/11/2025,2,2,14,421,13,15,997.22
3410,11/11/2025,4,10,17,224,2,18,1316.07
3411,11/11/2025,5,3,2,4,0,15,284.37
3412,11/11/2025,2,2,19,394,6,1,928.44
3413,11/12/2025,2,2,14,498,14,0,1169.68
3414,11/12/2025,1,4,12,349,13,11,1535.7
3415,11/12/2025,2,2,6,389,8,7,919.15
3416,11/12/2025,5,3,8,4,0,7,277.33
3417,11/12/2025,4,1,3,155,3,14,2521.99
3418,11/12/2025,4,10,14,180,5,4,1077.77
3419,11/12/2025,5,2,10,401,5,12,939.25
3420,11/13/2025,3,5,14,168,4,6,146.26
3421,11/13/2025,2,6,20,136,5,10,96.53
3422,11/13/2025,5,3,15,5,0,12,340.66
3423,11/13/2025,1,4,9,277,4,10,1205.22
3424,11/13/2025,3,7,14,13,0,4,200.76
3425,11/13/2025,5,2,18,380,6,3,893.85
3426,11/14/2025,2,2,19,433,7,20,1005.71
3427,11/14/2025,4,10,5,197,6,1,1182.8
3428,11/14/2025,1,1,17,108,1,10,1765.83
3429,11/14/2025,2,2,9,443,5,10,1041.78
3430,11/14/2025,4,10,12,231,8,1,1374.52
3431,11/14/2025,3,5,5,323,10,20,230.02
3432,11/14/2025,5,3,7,4,0,8,288.39
3433,11/15/2025,1,1,10,150,2,11,2424.29
3434,11/15/2025,2,6,3,124,5,0,94.88
3435,11/15/2025,4,10,4,180,5,17,1062.1
3436,11/15/2025,3,5,6,323,6,13,230.63
3437,11/16/2025,2,6,19,126,4,17,80.98
3438,11/16/2025,4,1,17,154,2,231,2664.84
3439,11/16/2025,5,2,17,355,5,9,839.17
3440,11/16/2025,4,10,20,207,4,137,1323.9
3441,11/17/2025,4,1,4,164,4,6,2640.59
3442,11/17/2025,1,7,16,14,0,1,202.92
3443,11/17/2025,1,7,5,11,0,6,185.22
3444,11/17/2025,1,4,15,253,6,7,1122.84
3445,11/17/2025,2,6,14,115,5,12,71.93
3446,11/17/2025,4,10,11,200,2,10,1181.53
3447,11/17/2025,4,10,5,262,8,1,1523.06
3448,11/18/2025,1,1,1,173,2,13,2810.39
3449,11/18/2025,1,4,19,217,2,19,955.55
3450,11/18/2025,2,2,12,437,17,7,999.52
3451,11/18/2025,3,7,17,12,0,13,183.63
3452,11/18/2025,1,4,19,281,3,1,1210.97
3453,11/19/2025,4,10,14,259,7,3,1524.59
3454,11/19/2025,2,8,2,520,7,201,223.77
3455,11/19/2025,1,4,4,255,6,7,1108.32
3456,11/19/2025,4,1,8,185,4,1,2970.92
3457,11/20/2025,3,5,13,273,3,20,215.67
3458,11/20/2025,1,4,1,400,4,5,1727.64
3459,11/20/2025,5,2,18,363,5,15,842.45
3460,11/20/2025,5,3,13,5,0,11,342.97
3461,11/20/2025,4,1,19,107,1,222,1928.44
3462,11/20/2025,5,2,13,424,4,15,999.55
3463,11/20/2025,4,10,16,258,7,20,1521.34
3464,11/21/2025,2,8,11,1012,5,299,344.02
3465,11/21/2025,4,10,1,206,2,20,1223.31
3466,11/21/2025,2,8,6,775,9,4,98.83
3467,11/21/2025,4,1,4,154,4,0,2513.59
3468,11/21/2025,2,6,1,122,3,17,78.14
3469,11/22/2025,1,1,7,145,3,16,2361.27
3470,11/22/2025,4,10,2,193,4,3,1126.36
3471,11/22/2025,3,7,20,17,0,6,252.73
3472,11/22/2025,5,3,13,5,0,5,319.97
3473,11/22/2025,3,5,7,238,7,14,195.88
3474,11/22/2025,5,2,12,307,10,8,742.32
3475,11/23/2025,4,10,7,191,5,15,1130.74
3476,11/23/2025,4,10,16,196,6,19,1178.87
3477,11/23/2025,3,9,18,892,2,18,61.03
3478,11/23/2025,1,1,12,129,5,13,2110.02
3479,11/23/2025,1,1,13,163,1,18,2655.41
3480,11/23/2025,2,6,8,126,5,15,97.82
3481,11/23/2025,1,4,13,304,4,11,1320.09
3482,11/24/2025,3,5,14,262,8,17,219.04
3483,11/24/2025,3,7,17,13,0,18,194.78
3484,11/24/2025,3,5,15,272,6,14,204.83
3485,11/24/2025,3,5,8,256,6,11,205.86
3486,11/24/2025,1,4,11,299,5,198,1447.3
3487,11/25/2025,3,5,10,261,3,2,170.95
3488,11/25/2025,3,7,12,17,0,1,252.62
3489,11/25/2025,2,6,19,129,4,5,104.11
3490,11/25/2025,3,5,7,258,7,14,215.06
3491,11/26/2025,5,3,11,3,0,8,228.47
3492,11/26/2025,1,7,3,14,0,11,204.94
3493,11/26/2025,5,2,4,404,11,19,959.86
3494,11/26/2025,2,2,19,352,6,9,841.06
3495,11/26/2025,1,1,3,136,3,11,2210.62
3496,11/26/2025,1,4,10,267,4,10,1164.1
3497,11/26/2025,2,2,6,378,7,5,870.26
3498,11/27/2025,5,3,1,4,0,9,266.36
3499,11/27/2025,4,10,2,160,4,70,1017.84
3500,11/27/2025,2,8,17,751,2,88,155.07
3501,11/27/2025,1,1,6,140,2,308,2498.06
3502,11/28/2025,3,7,9,15,0,8,208.77
3503,11/28/2025,2,8,7,779,16,10,103.96
3504,11/28/2025,5,2,11,487,7,11,1143.63
3505,11/28/2025,5,2,19,332,5,5,767.81
3506,11/28/2025,5,2,4,418,11,16,967.82
3507,11/28/2025,1,4,1,324,3,12,1432.65
3508,11/28/2025,5,2,19,389,7,0,889.57
3509,11/29/2025,1,1,2,159,3,19,2608.39
3510,11/29/2025,5,3,13,4,0,14,268.66
3511,11/29/2025,5,2,8,430,11,3,1016.43
3512,11/29/2025,3,7,19,11,0,0,183.2
3513,11/29/2025,1,1,2,155,3,17,2534.3
3514,11/30/2025,3,5,18,193,2,8,147.98
3515,11/30/2025,4,10,3,162,3,274,1179.66
3516,11/30/2025,1,4,5,334,10,18,1473.95
3517,11/30/2025,4,10,13,230,3,15,1363.97
3518,12/1/2025,1,1,15,157,3,0,2531.64
3519,12/1/2025,2,8,2,925,10,19,109.29
3520,12/1/2025,4,1,10,130,2,2,2109.07
3521,12/1/2025,5,2,19,375,6,18,890.19
3522,12/2/2025,2,8,4,875,17,12,98.02
3523,12/2/2025,2,6,18,129,4,1,76.59
3524,12/2/2025,2,6,15,130,5,18,89.06
3525,12/2/2025,1,7,14,16,0,10,227.98
3526,12/3/2025,1,4,1,298,3,9,1306.35
3527,12/3/2025,5,3,7,5,0,13,325.41
3528,12/3/2025,1,1,18,174,2,17,2818.78
3529,12/3/2025,3,7,6,12,0,6,193.12
3530,12/3/2025,3,9,3,957,10,11,42.33
3531,12/3/2025,1,1,20,145,3,13,2349.58
3532,12/4/2025,5,2,11,432,6,4,990.83
3533,12/4/2025,3,5,14,295,8,1,227.52
3534,12/4/2025,2,8,6,635,6,16,93.54
3535,12/4/2025,5,2,12,466,17,10,1101.59
3536,12/4/2025,1,1,6,146,2,15,2393.65
3537,12/5/2025,1,1,10,150,2,10,2449.26
3538,12/5/2025,5,3,1,5,0,9,339.09
3539,12/5/2025,3,9,3,808,8,0,47.92
3540,12/5/2025,4,1,5,174,5,15,2827.32
3541,12/6/2025,2,2,10,416,7,6,977.39
3542,12/6/2025,1,4,7,333,9,9,1444.67
3543,12/6/2025,1,1,14,108,3,12,1747.68
3544,12/6/2025,1,7,10,14,0,4,190.09
3545,12/7/2025,2,8,5,891,18,14,79.88
3546,12/7/2025,1,4,13,324,3,17,1438.24
3547,12/7/2025,5,3,18,4,0,2,260.31
3548,12/7/2025,4,10,3,175,3,18,1039.58
3549,12/7/2025,4,1,2,133,2,18,2162.52
3550,12/7/2025,3,9,17,952,5,14,73.37
3551,12/8/2025,3,5,18,261,3,12,207.35
3552,12/8/2025,1,1,4,138,3,6,2259.09
3553,12/8/2025,1,7,11,13,0,8,211.99
3554,12/8/2025,5,2,8,415,11,0,981.48
3555,12/9/2025,5,3,14,4,0,11,273.16
3556,12/9/2025,3,9,11,1201,5,1,52.83
3557,12/9/2025,5,3,15,3,0,18,241.49
3558,12/9/2025,2,8,5,601,13,2,87.15
3559,12/10/2025,3,7,4,16,0,8,220.19
3560,12/10/2025,1,7,10,15,0,8,209.86
3561,12/10/2025,4,1,10,149,2,2,2400.2
3562,12/10/2025,1,1,17,143,1,14,2340.26
3563,12/11/2025,3,5,1,247,3,16,193.65
3564,12/11/2025,5,3,9,5,0,1,321.23
3565,12/11/2025,2,8,4,911,16,18,102
3566,12/11/2025,3,7,19,12,0,3,199.56
3567,12/11/2025,2,2,3,405,8,2,955.41
3568,12/12/2025,4,10,4,200,5,15,1174.27
3569,12/12/2025,2,6,8,143,6,11,115.11
3570,12/12/2025,4,10,1,221,2,20,1323.62
3571,12/12/2025,2,2,3,444,10,0,1034.6
3572,12/12/2025,1,4,1,298,3,1,1308.66
3573,12/13/2025,2,2,3,471,9,14,1107.11
3574,12/13/2025,2,8,12,948,27,13,82.08
3575,12/13/2025,4,1,11,167,2,4,2701.72
3576,12/13/2025,1,7,9,17,0,10,251.91
3577,12/13/2025,2,6,17,87,2,8,87.44
3578,12/14/2025,3,5,6,272,5,7,211.82
3579,12/14/2025,5,2,7,506,14,10,1157.62
3580,12/14/2025,4,10,2,201,5,14,1209.28
3581,12/14/2025,3,7,10,17,0,15,254.05
3582,12/14/2025,3,7,9,15,0,263,419.19
3583,12/14/2025,1,1,14,140,3,14,2275.77
3584,12/14/2025,3,5,16,246,7,11,202.53
3585,12/15/2025,4,1,19,169,2,8,2752.79
3586,12/15/2025,3,9,7,1027,22,359,351.92
3587,12/15/2025,2,2,9,394,4,11,932.04
3588,12/15/2025,1,7,16,14,0,112,289.47
3589,12/15/2025,2,8,19,671,4,8,94.57
3590,12/16/2025,4,10,5,212,6,18,1279.81
3591,12/16/2025,5,3,9,3,0,11,227.25
3592,12/16/2025,3,7,17,16,0,15,250.39
3593,12/16/2025,3,9,5,982,20,8,72.13
3594,12/17/2025,2,8,7,734,13,14,81.59
3595,12/17/2025,3,9,1,1094,1,12,54.93
3596,12/17/2025,3,5,3,215,4,0,153.01
3597,12/17/2025,2,8,5,816,15,9,93.33
3598,12/18/2025,5,3,6,3,0,8,203.7
3599,12/18/2025,5,2,11,426,7,14,987.44
3600,12/18/2025,2,8,15,805,12,5,65.49
3601,12/18/2025,3,5,2,199,4,2,141.3
3602,12/18/2025,3,9,17,759,3,10,41.84
3603,12/19/2025,1,4,12,297,10,17,1308.56
3604,12/19/2025,2,2,18,395,6,1,918.6
3605,12/19/2025,2,2,15,369,8,19,874.5
3606,12/19/2025,2,6,3,135,5,5,98.75
3607,12/19/2025,4,10,20,268,5,17,1593.25
3608,12/19/2025,1,7,2,14,0,2,221.46
3609,12/20/2025,5,3,12,3,0,13,231.3
3610,12/20/2025,2,2,7,334,10,19,797.34
3611,12/20/2025,4,10,4,196,5,6,1142.35
3612,12/21/2025,5,2,14,376,10,8,867.27
3613,12/21/2025,2,2,2,384,9,16,914.83
3614,12/21/2025,4,10,11,214,4,18,1285.02
3615,12/21/2025,3,7,2,10,0,12,161.09
3616,12/21/2025,3,9,13,883,1,17,77.71
3617,12/21/2025,3,9,5,825,20,8,69.17
3618,12/21/2025,2,2,16,452,12,6,1066.13
3619,12/22/2025,1,4,13,174,2,17,789.98
3620,12/22/2025,4,10,18,186,2,1,1096.11
3621,12/22/2025,4,10,5,234,6,7,1387.22
3622,12/22/2025,4,10,7,197,6,6,1182.7
3623,12/22/2025,1,4,9,266,3,8,1186.19
3624,12/23/2025,5,2,9,391,5,12,913.13
3625,12/23/2025,5,3,12,4,0,18,269.98
3626,12/23/2025,1,1,6,148,2,4,2395.77
3627,12/23/2025,4,1,3,132,2,14,2159.59
3628,12/23/2025,5,3,19,4,0,12,274.83
3629,12/23/2025,1,7,18,17,0,13,259.03
3630,12/24/2025,2,2,7,456,14,20,1068.23
3631,12/24/2025,2,2,19,402,7,19,969.62
3632,12/24/2025,4,10,1,261,3,184,1695.5
3633,12/25/2025,3,5,8,209,5,15,187.07
3634,12/25/2025,3,5,13,254,3,12,181.53
3635,12/25/2025,4,10,6,216,4,13,1267.28
3636,12/26/2025,3,9,16,931,18,7,59.33
3637,12/26/2025,3,5,20,250,5,18,181.28
3638,12/26/2025,2,2,7,451,13,5,1033.66
3639,12/26/2025,5,2,1,377,3,0,869.83
3640,12/27/2025,5,3,12,3,0,8,200.82
3641,12/27/2025,4,10,13,215,2,12,1283.27
3642,12/27/2025,3,7,15,16,0,14,251.27
3643,12/27/2025,4,10,16,218,7,12,1274.97
3644,12/27/2025,3,5,1,250,2,18,191.83
3645,12/28/2025,3,5,3,249,5,15,192.57
3646,12/28/2025,5,3,5,4,0,13,263.48
3647,12/28/2025,5,3,2,4,0,7,281.41
3648,12/28/2025,4,10,2,168,4,1,986.63
3649,12/28/2025,1,4,8,332,9,3,1460.27
3650,12/29/2025,3,9,1,965,2,15,54.09
3651,12/29/2025,2,8,10,730,2,143,184.68
3652,12/29/2025,4,10,12,149,5,276,1125.86
3653,12/29/2025,5,2,17,339,5,12,820.56
3654,12/29/2025,5,3,8,5,0,18,338.62
3655,12/29/2025,5,3,9,5,0,3,336.4
3656,12/29/2025,5,2,14,464,13,5,1081.68
3657,12/30/2025,5,3,5,4,0,18,282.7
3658,12/30/2025,4,10,19,229,4,0,1331.99
3659,12/30/2025,4,1,20,181,4,4,2942.67
3660,12/30/2025,2,8,15,770,10,11,94.24
3661,12/30/2025,4,1,10,193,2,1,3102.55
3662,12/30/2025,3,7,14,9,0,11,132.76
3663,12/31/2025,3,5,5,238,7,8,159.78
3664,12/31/2025,1,7,16,15,0,5,203.95
3665,12/31/2025,3,9,10,838,2,19,50.45
3666,12/31/2025,2,2,17,289,4,14,672.43
